EPA AQS ID,Country Code,Data Source,EPA Region,Elevation,GMT Offset Amount (hours),Latitude,Local Time at Monitor,Longitude,OZONE,Ozone & PM AQI,Ozone & PM AQI (For Labeling),Ozone & PM AQI (For Sorting),Ozone AQI,Ozone AQI (For Labeling),Ozone AQI (For Sorting),Ozone Measured at Site,Ozone Unit of Measure,PM10,PM10 AQI,PM10 AQI (For Labeling),PM10 AQI (For Sorting),PM10 Measured at Site,PM10 Unit of Measure,PM2.5,PM2.5 AQI,PM2.5 AQI (For Labeling),PM2.5 AQI (For Sorting),PM2.5 Measured at Site,PM2.5 Unit of Measure,PM2.5 & PM10 AQI,PM2.5 & PM10 AQI (For Labeling),PM2.5 & PM10 AQI (For Sorting),Reporting Area(s),Site Name,State Name,Site Operational Status,ValidTime,ObjectId,MonitorType,x,y
60530002,US,Monterey Bay Unified APCD,R9,200.1,-8,36.48187,2026-01-27 06:00:00 GMT-8,-121.73333,25,22,22,22,22,22,22,1,PPB,,,ND,-999,0,,0,,ND,-999,1,UG/M3,,ND,-999,Carmel Valley,Carmel Valley AMS,CA,Active,1/27/2026 14:00,556338936,Permanent,-13551292.31,4367130.131
60531003,US,Monterey Bay Unified APCD,R9,10.1,-8,36.694261,2026-01-27 06:00:00 GMT-8,-121.623271,24,19,19,19,19,19,19,1,PPB,,,ND,-999,0,,3,18,18,18,1,UG/M3,18,18,18,Salinas,Salinas AMS,CA,Active,1/27/2026 14:00,556338938,Permanent,-13539040.6,4396575.965
60570005,US,Northern Sierra AQMD,R9,0,-8,39.234402,2026-01-27 06:00:00 GMT-8,-121.055603,,,ND,-999,,ND,-999,1,,,,ND,-999,0,,,,ND,-999,1,,,ND,-999,Western Nevada County,Grass Valley,CA,Active,1/27/2026 14:00,556338957,Permanent,-13475848.08,4755303.482
60571001,US,Northern Sierra AQMD,R9,0,-8,39.327852,2026-01-27 06:00:00 GMT-8,-120.184617,,,ND,-999,,ND,-999,0,,,,ND,-999,0,,,,ND,-999,1,,,ND,-999,Truckee,Truckee BAM,CA,Active,1/27/2026 14:00,556338959,Permanent,-13378890.37,4768742.957
60590008,US,South Coast AQMD,R9,0,-8,33.819305,2026-01-27 06:00:00 GMT-8,-117.918759,,,ND,-999,,ND,-999,0,,,,ND,-999,0,,,,ND,-999,0,,,ND,-999,Central Orange,Anaheim Near Road,CA,Active,1/27/2026 14:00,556338961,Permanent,-13126656.21,4004564.832
60595001,US,South Coast AQMD,R9,26.5,-8,33.925062,2026-01-27 06:00:00 GMT-8,-117.952586,6,10,10,10,10,10,10,1,PPB,,,ND,-999,0,,,,ND,-999,0,,,ND,-999,North Orange CO,La Habra,CA,Active,1/27/2026 14:00,556338964,Permanent,-13130421.81,4018744.117
60610004,US,Placer County APCD,R9,0,-8,39.1003,2026-01-27 06:00:00 GMT-8,-120.9528,33,25,25,25,25,25,25,1,PPB,,,ND,-999,0,,5,23,23,23,1,UG/M3,23,23,23,Colfax,Colfax,CA,Active,1/27/2026 14:00,556338966,Permanent,-13464404.11,4736048.887
60611004,US,Placer County APCD,R9,1917.2,-8,39.166,2026-01-27 06:00:00 GMT-8,-120.1488,26,22,22,22,22,22,22,1,PPB,,,ND,-999,0,,5,18,18,18,1,UG/M3,18,18,18,Tahoe City area,Tahoe City,CA,Active,1/27/2026 14:00,556338968,Permanent,-13374903.24,4745477.619
60631006,US,Northern Sierra AQMD,R9,0,-8,39.9395,2026-01-27 06:00:00 GMT-8,-120.9443,,65,65,65,,ND,-999,0,,,,ND,-999,0,,18.5,65,65,65,1,UG/M3,65,65,65,Quincy,Quincy,CA,Active,1/27/2026 14:00,556338970,Permanent,-13463457.89,4857154.475
60631007,US,Northern Sierra AQMD,R9,0,-8,40.301899,2026-01-27 06:00:00 GMT-8,-121.235001,,18,18,18,,ND,-999,0,,,,ND,-999,0,,4,18,18,18,1,UG/M3,18,18,18,Chester,Chester BAM,CA,Active,1/27/2026 14:00,556338971,Permanent,-13495818.58,4909910.895
60631010,US,Northern Sierra AQMD,R9,0,-8,39.8134,2026-01-27 06:00:00 GMT-8,-120.4707,,,ND,-999,,ND,-999,0,,,,ND,-999,0,,,,ND,-999,1,,,ND,-999,Portola,Portola,CA,Active,1/27/2026 14:00,556338972,Permanent,-13410736.98,4838863.012
60650012,US,South Coast AQMD,R9,0,-8,33.920758,2026-01-27 06:00:00 GMT-8,-116.858419,24,23,23,23,23,23,23,1,PPB,,,ND,-999,0,,-1.4,0,0,0,1,UG/M3,0,0,0,Banning,Banning - South Hathaway Street,CA,Active,1/27/2026 14:00,556338977,Permanent,-13008619.7,4018166.718
60659003,US,California Air Resources Board,R9,25.3,-8,33.61235,2026-01-27 06:00:00 GMT-8,-114.60209,3,4,4,4,4,4,4,1,PPB,,,ND,-999,0,,,,ND,-999,0,,,ND,-999,Blythe,Blythe,CA,Active,1/27/2026 14:00,556338988,Permanent,-12757446.3,3976868.119
60670012,US,Sacramento Metro. AQMD,R9,101.6,-8,38.683304,2026-01-27 06:00:00 GMT-8,-121.164457,19,30,30,30,17,17,17,1,PPB,,,ND,-999,0,,5,30,30,30,1,UG/M3,30,30,30,Folsom,Folsom,CA,Active,1/27/2026 14:00,556338994,Permanent,-13487965.66,4676408.581
60670015,US,Sacramento Metro. AQMD,R9,0,-8,38.593328,2026-01-27 06:00:00 GMT-8,-121.503728,,69,69,69,,ND,-999,0,,,,ND,-999,0,,16,69,69,69,1,UG/M3,69,69,69,Sacramento,Bercut Dr,CA,Active,1/27/2026 14:00,556338996,Permanent,-13525733.13,4663585.581
60675003,US,Sacramento Metro. AQMD,R9,59.2,-8,38.494475,2026-01-27 06:00:00 GMT-8,-121.211131,15,49,49,49,12,12,12,1,PPB,,,ND,-999,0,,8,49,49,49,1,UG/M3,49,49,49,Sloughhouse,Sloughhouse,CA,Active,1/27/2026 14:00,556338998,Permanent,-13493161.38,4649515.982
60710005,US,South Coast AQMD,R9,1387.8,-8,34.243132,2026-01-27 06:00:00 GMT-8,-117.272275,16,27,27,27,17,17,17,1,PPB,,,ND,-999,0,,6,27,27,27,1,UG/M3,27,27,27,C San Bernardino M,Crestline - Lake Gregory,CA,Active,1/27/2026 14:00,556339003,Permanent,-13054689.94,4061495.623
60710026,US,South Coast AQMD,R9,0,-8,34.068114,2026-01-27 06:00:00 GMT-8,-117.525796,,,ND,-999,,ND,-999,0,,,,ND,-999,0,,,,ND,-999,0,,,ND,-999,SW San Bernardino,Ontario Near Road,CA,Active,1/27/2026 14:00,556339006,Permanent,-13082911.77,4037951.743
60710027,US,South Coast AQMD,R9,0,-8,34.0309,2026-01-27 06:00:00 GMT-8,-117.617403,,,ND,-999,,ND,-999,0,,,,ND,-999,0,,,,ND,-999,0,,,ND,-999,SW San Bernardino,60 Near Road,CA,Active,1/27/2026 14:00,556339007,Permanent,-13093109.41,4032951.896
60714003,US,South Coast AQMD,R9,146.7,-8,34.059626,2026-01-27 06:00:00 GMT-8,-117.147347,27,25,25,25,25,25,25,1,PPB,,,ND,-999,0,,,,ND,-999,0,,,ND,-999,E San Bernardino,Redlands - Dearborn,CA,Active,1/27/2026 14:00,556339014,Permanent,-13040783.02,4036811.154
60750005,US,Bay Area Air District,R9,1.5,-8,37.7658,2026-01-27 06:00:00 GMT-8,-122.3978,4,73,73,73,5,5,5,1,PPB,,,ND,-999,0,,21,73,73,73,1,UG/M3,73,73,73,San Francisco,San Francisco,CA,Active,1/27/2026 14:00,556339031,Permanent,-13625260.77,4546393.832
60798005,US,San Luis Obispo County APCD,R9,0,-8,35.64366,2026-01-27 06:00:00 GMT-8,-120.23134,43,36,36,36,36,36,36,1,PPB,,,ND,-999,0,,,,ND,-999,0,,,ND,-999,Red Hills,Redhills,CA,Active,1/27/2026 14:00,556339044,Permanent,-13384091.55,4251699.668
60811001,US,Bay Area Air District,R9,0.9,-8,37.4828,2026-01-27 06:00:00 GMT-8,-122.2022,0,36,36,36,1,1,1,1,PPB,,,ND,-999,0,,6,36,36,36,1,UG/M3,36,36,36,Redwood City,Redwood City,CA,Active,1/27/2026 14:00,556339046,Permanent,-13603486.68,4506618.25
60831013,US,Santa Barbara County Air Pollution Control District,R9,0,-8,34.7256,2026-01-27 06:00:00 GMT-8,-120.4278,41,37,37,37,37,37,37,1,PPB,,,ND,-999,0,,,,ND,-999,0,,,ND,-999,Lompoc,Lompoc HS&P,CA,Active,1/27/2026 14:00,556339050,Permanent,-13405961.37,4126653.523
60831014,US,Santa Barbara County Air Pollution Control District,R9,0,-8,34.5414,2026-01-27 06:00:00 GMT-8,-119.7906,27,24,24,24,24,24,24,1,PPB,,,ND,-999,0,,,,ND,-999,0,,,ND,-999,Paradise Road,Paradise Road,CA,Active,1/27/2026 14:00,556339051,Permanent,-13335028.59,4101732.567
60831021,US,Santa Barbara County Air Pollution Control District,R9,0,-8,34.402802,2026-01-27 06:00:00 GMT-8,-119.457497,22,21,21,21,21,21,21,1,PPB,,,ND,-999,0,,,,ND,-999,0,,,ND,-999,Carpinteria,Carpinteria,CA,Active,1/27/2026 14:00,556339053,Permanent,-13297947.74,4083017.586
60833001,US,Santa Barbara County Air Pollution Control District,R9,204.7,-8,34.605819,2026-01-27 06:00:00 GMT-8,-120.07506,12,12,12,12,10,10,10,1,PPB,,,ND,-999,0,,2,12,12,12,1,UG/M3,12,12,12,Santa Ynez,Santa Ynez,CA,Active,1/27/2026 14:00,556339057,Permanent,-13366694.54,4110441.712
60850002,US,Bay Area Air District,R9,62.8,-8,36.999571,2026-01-27 06:00:00 GMT-8,-121.574684,1,34,34,34,3,3,3,1,PPB,,,ND,-999,0,,5,34,34,34,1,UG/M3,34,34,34,San Jose,Gilroy - 9th Street,CA,Active,1/27/2026 14:00,556339059,Permanent,-13533631.92,4439046.99
60850005,US,Bay Area Air District,R9,9.5,-8,37.3483,2026-01-27 06:00:00 GMT-8,-121.8947,0,54,54,54,0,0,0,1,PPB,,,ND,-999,0,,10,54,54,54,1,UG/M3,54,54,54,San Jose,San Jose - Jackson St.,CA,Active,1/27/2026 14:00,556339060,Permanent,-13569255.93,4487767.154
60850006,US,Bay Area Air District,R9,0,-8,37.338202,2026-01-27 06:00:00 GMT-8,-121.849892,,61,61,61,,ND,-999,0,,,,ND,-999,0,,8,61,61,61,1,UG/M3,61,61,61,San Jose,San Jose - Knox Ave,CA,Active,1/27/2026 14:00,556339061,Permanent,-13564267.93,4486353.214
60851001,US,Bay Area Air District,R9,35.4,-8,37.2267,2026-01-27 06:00:00 GMT-8,-121.9786,,,ND,-999,,ND,-999,1,,,,ND,-999,0,,,,ND,-999,0,,,ND,-999,San Jose,Los Gatos,CA,Active,1/27/2026 14:00,556339062,Permanent,-13578595.64,4470753.128
60852006,US,Bay Area Air District,R9,86,-8,37.0792,2026-01-27 06:00:00 GMT-8,-121.5994,,,ND,-999,,ND,-999,1,,,,ND,-999,0,,,,ND,-999,0,,,ND,-999,San Jose,San Martin,CA,Active,1/27/2026 14:00,556339063,Permanent,-13536383.29,4450152.003
60870007,US,Monterey Bay Unified APCD,R9,0,-8,36.98332,2026-01-27 06:00:00 GMT-8,-121.98822,15,29,29,29,14,14,14,1,PPB,,,ND,-999,0,,4,29,29,29,1,UG/M3,29,29,29,Santa Cruz,Santa Cruz AMS,CA,Active,1/27/2026 14:00,556339066,Permanent,-13579666.53,4436782.065
60871005,US,Monterey Bay Unified APCD,R9,98.2,-8,37.060738,2026-01-27 06:00:00 GMT-8,-122.083493,,64,64,64,,ND,-999,0,,,,ND,-999,0,,17,64,64,64,1,UG/M3,64,64,64,San Lorenzo Valley,SLV Middle School AMS,CA,Active,1/27/2026 14:00,556339069,Permanent,-13590272.28,4447576.266
60890004,US,Shasta County Air Quality Management District,R9,152.5,-8,40.5497,2026-01-27 06:00:00 GMT-8,-122.3792,2,52,52,52,2,2,2,1,PPB,,,ND,-999,0,,9,52,52,52,1,UG/M3,52,52,52,Redding,Redding,CA,Active,1/27/2026 14:00,556339075,Permanent,-13623190.23,4946147.696
60890009,US,Shasta County Air Quality Management District,R9,246.1,-8,40.6894,2026-01-27 06:00:00 GMT-8,-122.4024,24,22,22,22,22,22,22,1,PPB,,,ND,-999,0,,,,ND,-999,0,,,ND,-999,Redding,Shasta Lake City,CA,Active,1/27/2026 14:00,556339077,Permanent,-13625772.84,4966635.619
60932001,US,Siskiyou County APCD,R9,799.1,-8,41.72679,2026-01-27 06:00:00 GMT-8,-122.63359,2,59,59,59,6,6,6,1,PPB,,,ND,-999,0,,15,59,59,59,1,UG/M3,59,59,59,Yreka,Yreka,CA,Active,1/27/2026 14:00,556339079,Permanent,-13651508.79,5120141.363
60950004,US,Bay Area Air District,R9,5.8,-8,38.102507,2026-01-27 06:00:00 GMT-8,-122.237976,21,57,57,57,18,18,18,1,PPB,,,ND,-999,0,,11,57,57,57,1,UG/M3,57,57,57,Napa,Vallejo,CA,Active,1/27/2026 14:00,556339080,Permanent,-13607469.24,4593916.752
60950005,US,Bay Area Air District,R9,9.8,-8,38.227066,2026-01-27 06:00:00 GMT-8,-122.075624,10,8,8,8,8,8,8,1,PPB,,,ND,-999,0,,,,ND,-999,0,,,ND,-999,Fairfield,Fairfield,CA,Active,1/27/2026 14:00,556339081,Permanent,-13589396.3,4611552.47
60953003,US,Yolo-Solano AQMD,R9,0,-8,38.356556,2026-01-27 06:00:00 GMT-8,-121.949853,2,59,59,59,4,4,4,1,PPB,,,ND,-999,0,,15,59,59,59,1,UG/M3,59,59,59,Vacaville,Vacaville,CA,Active,1/27/2026 14:00,556339082,Permanent,-13575395.54,4629918.391
60959999,US,Yolo-Solano AQMD,R9,6.7,-8,38.167297,2026-01-27 06:00:00 GMT-8,-121.688561,,77,77,77,,ND,-999,0,,,,ND,-999,0,,23,77,77,77,1,UG/M3,77,77,77,Rio Vista,Rio Vista,CA,Active,1/27/2026 14:00,556339083,Permanent,-13546308.65,4603086.3
60970004,US,Bay Area Air District,R9,0,-8,38.403765,2026-01-27 06:00:00 GMT-8,-122.818294,,66,66,66,5,5,5,1,,,,ND,-999,0,,15,66,66,66,1,UG/M3,66,66,66,Santa Rosa,Sebastopol,CA,Active,1/27/2026 14:00,556339085,Permanent,-13672069.95,4636622.339
61010004,US,California Air Resources Board,R9,645.4,-8,39.20556,2026-01-27 06:00:00 GMT-8,-121.82046,,,ND,-999,,ND,-999,1,,,,ND,-999,0,,,,ND,-999,0,,,ND,-999,Yuba City and Marysville,Sutter Buttes (seasonal),CA,Active,1/27/2026 14:00,556339090,Permanent,-13560991.58,4751159.198
61030004,US,California Air Resources Board,R9,562.1,-8,40.26207,2026-01-27 06:00:00 GMT-8,-122.09265,,,ND,-999,,ND,-999,1,,,,ND,-999,0,,,,ND,-999,0,,,ND,-999,,Tuscan Butte (Seasonal),CA,Active,1/27/2026 14:00,556339091,Permanent,-13591291.63,4904098.981
61050002,US,North Coast Unified Air Quality Management District,R9,600.2,-8,40.734722,2026-01-27 06:00:00 GMT-8,-122.941109,,,ND,-999,,ND,-999,0,,,,ND,-999,0,,,,ND,-999,1,,,ND,-999,Weaverville,Weaverville,CA,Active,1/27/2026 14:00,556339094,Permanent,-13685741.65,4973291.611
61072010,US,San Joaquin Valley Unified APCD,R9,0,-8,36.0319,2026-01-27 06:00:00 GMT-8,-119.055,0,62,62,62,2,2,2,1,PPB,,,ND,-999,0,,15,62,62,62,1,UG/M3,62,62,62,Visalia,Porterville-NFS,CA,Active,1/27/2026 14:00,556339098,Permanent,-13253141.98,4305011.651
61090005,US,California Air Resources Board,R9,0,-8,37.98178,2026-01-27 06:00:00 GMT-8,-120.378551,13,14,14,14,14,14,14,1,PPB,,,ND,-999,0,,,,ND,-999,0,,,ND,-999,Tuolumne County,Sonora - Barretta Street,CA,Active,1/27/2026 14:00,556339099,Permanent,-13400479,4576852.258
61110007,US,Ventura County APCD,R9,0,-8,34.21017,2026-01-27 06:00:00 GMT-8,-118.87051,37,28,28,28,28,28,28,1,PPB,,,ND,-999,0,,2,14,14,14,1,UG/M3,14,14,14,Thousand Oaks,Thousand Oaks - Moorpark Road,CA,Active,1/27/2026 14:00,556339100,Permanent,-13232604.64,4057057.755
61110009,US,Ventura County APCD,R9,0,-8,34.40428,2026-01-27 06:00:00 GMT-8,-118.80998,28,25,25,25,25,25,25,1,PPB,,,ND,-999,0,,3,14,14,14,1,UG/M3,14,14,14,Piru,Piru - Pacific,CA,Active,1/27/2026 14:00,556339101,Permanent,-13225866.47,4083216.997
61111004,US,Ventura County APCD,R9,233.3,-8,34.44806,2026-01-27 06:00:00 GMT-8,-119.2313,10,9,9,9,9,9,9,1,PPB,,,ND,-999,0,,,,ND,-999,1,,,ND,-999,Ojai,Ojai - Ojai Ave.,CA,Active,1/27/2026 14:00,556339102,Permanent,-13272767.6,4089125.388
61130004,US,California Air Resources Board,R9,0,-8,38.53455,2026-01-27 06:00:00 GMT-8,-121.7734,10,59,59,59,12,12,12,1,PPB,,,ND,-999,0,,10.3,59,59,59,1,UG/M3,59,59,59,Davis,Davis - UCD Campus,CA,Active,1/27/2026 14:00,556339106,Permanent,-13555752.88,4655217.466
61131003,US,Yolo-Solano AQMD,R9,0,-8,38.661239,2026-01-27 06:00:00 GMT-8,-121.732683,6,6,6,6,6,6,6,1,PPB,,,ND,-999,0,,17,,ND,-999,1,UG/M3,,ND,-999,Woodland,Woodland,CA,Active,1/27/2026 14:00,556339107,Permanent,-13551220.28,4673262.48
40070010,US,Arizona Department of Environmental Quality,R9,786.3,-7,33.654725,2026-01-27 07:00:00 GMT-7,-111.107406,30,28,28,28,28,28,28,1,PPB,,,ND,-999,0,,,,ND,-999,0,,,ND,-999,,Tonto National Monument,AZ,Active,1/27/2026 14:00,556339758,Permanent,-12368419.86,3982533.72
40070011,US,Arizona Department of Environmental Quality,R9,0,-7,33.3855,2026-01-27 07:00:00 GMT-7,-110.867267,,,ND,-999,,ND,-999,0,,,,ND,-999,0,,,,ND,-999,0,,,ND,-999,Miami,Miami Jones Ranch,AZ,Active,1/27/2026 14:00,556339759,Permanent,-12341687.71,3946585.143
40070012,US,Arizona Department of Environmental Quality,R9,0,-7,33.397433,2026-01-27 07:00:00 GMT-7,-110.87445,,,ND,-999,,ND,-999,0,,,,ND,-999,0,,,,ND,-999,0,,,ND,-999,Miami,Miami Town Site,AZ,Active,1/27/2026 14:00,556339760,Permanent,-12342487.32,3948176.146
40131010,US,Maricopa County Air Quality Department,R9,384.3,-7,33.4522,2026-01-27 07:00:00 GMT-7,-111.7331,30,28,28,28,28,28,28,1,PPB,,,ND,-999,0,,,,ND,-999,0,,,ND,-999,Phoenix,Falcon Field Fire Station,AZ,Active,1/27/2026 14:00,556339786,Permanent,-12438071.8,3955480.922
40132005,US,Maricopa County Air Quality Department,R9,733.8,-7,33.712299,2026-01-27 07:00:00 GMT-7,-111.852699,37,31,31,31,31,31,31,1,PPB,,,ND,-999,0,,,,ND,-999,0,,,ND,-999,McDowell,Pinnacle Peak Club House,AZ,Active,1/27/2026 14:00,556339790,Permanent,-12451385.5,3990235.923
40134008,US,Maricopa County Air Quality Department,R9,587.4,-7,33.8217,2026-01-27 07:00:00 GMT-7,-112.0174,26,28,28,28,28,28,28,1,PPB,,,ND,-999,0,,,,ND,-999,0,,,ND,-999,Phoenix,Cave Creek,AZ,Active,1/27/2026 14:00,556339800,Permanent,-12469719.93,4004885.745
40134020,US,Maricopa County Air Quality Department,R9,324.5,-7,33.461807,2026-01-27 07:00:00 GMT-7,-112.128044,,,ND,-999,,ND,-999,0,,,,ND,-999,0,,,,ND,-999,0,,,ND,-999,Phoenix,Thirty Third,AZ,Active,1/27/2026 14:00,556339806,Permanent,-12482036.76,3956762.771
40134021,US,Maricopa County Air Quality Department,R9,0,-7,33.41046,2026-01-27 07:00:00 GMT-7,-112.002642,,57,57,57,,ND,-999,0,,,,ND,-999,0,,13.9,57,57,57,1,UG/M3,57,57,57,Phoenix,Eastwood,AZ,Active,1/27/2026 14:00,556339807,Permanent,-12468077.07,3949913.258
40137021,US,Salt River Pima-Maricopa Indian Community,R9,394.7,-7,33.5079,2026-01-27 07:00:00 GMT-7,-111.754601,29,26,26,26,26,26,26,1,PPB,,,ND,-999,0,,,,ND,-999,0,,,ND,-999,Salt River Pima-Maricopa Indian Community,Red Mountain,AZ,Active,1/27/2026 14:00,556339810,Permanent,-12440465.28,3962914.875
40139508,US,Maricopa County Air Quality Department,R9,1583,-7,33.9828,2026-01-27 07:00:00 GMT-7,-111.7987,45,41,41,41,41,41,41,1,PPB,,,ND,-999,0,,,,ND,-999,0,,,ND,-999,Phoenix,Humboldt Mountain - Tonto N.F.,AZ,Active,1/27/2026 14:00,556339814,Permanent,-12445374.36,4026492.72
40139702,US,Maricopa County Air Quality Department,R9,436.2,-7,33.5455,2026-01-27 07:00:00 GMT-7,-111.6093,20,21,21,21,21,21,21,1,PPB,,,ND,-999,0,,,,ND,-999,0,,,ND,-999,Phoenix,Blue Point Sheriff Sub-station,AZ,Active,1/27/2026 14:00,556339815,Permanent,-12424290.44,3967935.832
40139704,US,Maricopa County Air Quality Department,R9,505.1,-7,33.611,2026-01-27 07:00:00 GMT-7,-111.7253,33,30,30,30,30,30,30,1,PPB,,,ND,-999,0,,,,ND,-999,0,,,ND,-999,McDowell,Fountain Hills,AZ,Active,1/27/2026 14:00,556339816,Permanent,-12437203.5,3976687.667
40190021,US,Pima County Department of Environmental Quality,R9,0,-7,32.1764,2026-01-27 07:00:00 GMT-7,-110.7378,39,32,32,32,32,32,32,1,PPB,,,ND,-999,0,,,,ND,-999,0,,,ND,-999,Tucson,Saguaro National Park,AZ,Active,1/27/2026 14:00,556339826,Permanent,-12327275.51,3786488.207
40191011,US,Pima County Department of Environmental Quality,R9,0,-7,32.205,2026-01-27 07:00:00 GMT-7,-110.8772,27,27,27,27,27,27,27,1,PPB,,,ND,-999,0,,,,ND,-999,0,,,ND,-999,Tucson,22nd Street & Craycroft,AZ,Active,1/27/2026 14:00,556339828,Permanent,-12342793.44,3790250.246
40191018,US,Pima County Department of Environmental Quality,R9,0,-7,32.4253,2026-01-27 07:00:00 GMT-7,-111.0669,23,22,22,22,22,22,22,1,PPB,,,ND,-999,0,,,,ND,-999,0,,,ND,-999,Tucson,Tangerine & Camino de Oeste,AZ,Active,1/27/2026 14:00,556339829,Permanent,-12363910.75,3819268.251
40191020,US,Pima County Department of Environmental Quality,R9,0,-7,32.0475,2026-01-27 07:00:00 GMT-7,-110.7739,37,32,32,32,32,32,32,1,PPB,,,ND,-999,0,,,,ND,-999,0,,,ND,-999,Tucson,Fairgrounds,AZ,Active,1/27/2026 14:00,556339830,Permanent,-12331294.14,3769547.357
40191028,US,Pima County Department of Environmental Quality,R9,0,-7,32.2953,2026-01-27 07:00:00 GMT-7,-110.9822,1,31,31,31,6,6,6,1,PPB,,,ND,-999,0,,6,31,31,31,1,UG/M3,31,31,31,Tucson,Children's Park Site,AZ,Active,1/27/2026 14:00,556339831,Permanent,-12354481.99,3802136.066
40191032,US,Pima County Department of Environmental Quality,R9,0,-7,32.1731,2026-01-27 07:00:00 GMT-7,-110.9797,,,ND,-999,,ND,-999,1,,,,ND,-999,0,,,,ND,-999,1,,,ND,-999,Tucson,Rose Elementary,AZ,Active,1/27/2026 14:00,556339833,Permanent,-12354203.69,3786054.201
40191034,US,Pima County Department of Environmental Quality,R9,0,-7,32.3806,2026-01-27 07:00:00 GMT-7,-111.1272,11,10,10,10,10,10,10,1,PPB,,,ND,-999,0,,-2,0,0,0,1,UG/M3,0,0,0,Tucson,Coachline,AZ,Active,1/27/2026 14:00,556339834,Permanent,-12370623.32,3813374.636
40213001,US,Pinal County Air Quality Control District,R9,0,-7,33.421406,2026-01-27 07:00:00 GMT-7,-111.543596,35,31,31,31,31,31,31,1,PPB,,,ND,-999,0,,,,ND,-999,0,,,ND,-999,Phoenix,AJ Maintenance Yard,AZ,Active,1/27/2026 14:00,556339850,Permanent,-12416976.31,3951373.077
40213003,US,Pinal County Air Quality Control District,R9,0,-7,32.9544,2026-01-27 07:00:00 GMT-7,-111.7622,35,31,31,31,31,31,31,1,PPB,,,ND,-999,0,,,,ND,-999,0,,,ND,-999,West Pinal,C GRANDE,AZ,Active,1/27/2026 14:00,556339852,Permanent,-12441311.19,3889252.889
40218001,US,Arizona Department of Environmental Quality,R9,668.3,-7,33.289398,2026-01-27 07:00:00 GMT-7,-111.292801,41,36,36,36,36,36,36,1,PPB,,,ND,-999,0,,,,ND,-999,0,,,ND,-999,,Queen Valley,AZ,Active,1/27/2026 14:00,556339863,Permanent,-12389057.94,3933780.009
40258034,US,Arizona Department of Environmental Quality,R9,0,-7,34.61205,2026-01-27 07:00:00 GMT-7,-112.46321,27,25,25,25,25,25,25,1,PPB,,,ND,-999,0,,,,ND,-999,0,,,ND,-999,Prescott,Prescott Pioneer Park,AZ,Active,1/27/2026 14:00,556339871,Permanent,-12519347.27,4111284.472
60010009,US,Bay Area Air District,R9,9.8,-8,37.743061,2026-01-27 06:00:00 GMT-8,-122.169907,9,68,68,68,11,11,11,1,PPB,,,ND,-999,0,,19,68,68,68,1,UG/M3,68,68,68,Oakland,Oakland,CA,Active,1/27/2026 14:00,556340022,Permanent,-13599891.84,4543192.266
60010011,US,Bay Area Air District,R9,2.7,-8,37.8148,2026-01-27 06:00:00 GMT-8,-122.282402,2,74,74,74,3,3,3,1,PPB,,,ND,-999,0,,20,74,74,74,1,UG/M3,74,74,74,Oakland,Oakland West,CA,Active,1/27/2026 14:00,556340023,Permanent,-13612414.72,4553296.199
60010012,US,Bay Area Air District,R9,4,-8,37.793624,2026-01-27 06:00:00 GMT-8,-122.263376,,63,63,63,,ND,-999,0,,,,ND,-999,0,,18,63,63,63,1,UG/M3,63,63,63,Oakland,Laney College,CA,Active,1/27/2026 14:00,556340024,Permanent,-13610296.76,4550312.688
60010013,US,Bay Area Air District,R9,2.7,-8,37.864767,2026-01-27 06:00:00 GMT-8,-122.302741,,59,59,59,0,0,0,1,,,,ND,-999,0,,,59,59,59,1,,59,59,59,Oakland,Berkeley Aquatic Park,CA,Active,1/27/2026 14:00,556340025,Permanent,-13614678.85,4560339.5
60010015,US,Bay Area Air District,R9,100.3,-8,37.701222,2026-01-27 06:00:00 GMT-8,-121.903019,,64,64,64,,ND,-999,0,,,,ND,-999,0,,18,64,64,64,1,UG/M3,64,64,64,Livermore,Pleasanton - Owens Ct.,CA,Active,1/27/2026 14:00,556340026,Permanent,-13570182,4537304.058
60012001,US,Bay Area Air District,R9,88.5,-8,37.6547,2026-01-27 06:00:00 GMT-8,-122.0317,,29,29,29,29,29,29,1,,,,ND,-999,0,,,,ND,-999,0,,,ND,-999,Fremont,Hayward,CA,Active,1/27/2026 14:00,556340028,Permanent,-13584506.7,4530760.69
60050002,US,California Air Resources Board,R9,0,-8,38.342606,2026-01-27 06:00:00 GMT-8,-120.764426,3,6,6,6,6,6,6,1,PPB,,,ND,-999,0,,,,ND,-999,0,,,ND,-999,,Jackson - Clinton,CA,Active,1/27/2026 14:00,556340031,Permanent,-13443434.41,4627938.248
60072001,US,Butte County Air Quality Management District,R9,0,-8,39.7539,2026-01-27 06:00:00 GMT-8,-121.6244,,,ND,-999,,ND,-999,0,,,,ND,-999,0,,,,ND,-999,1,,,ND,-999,Paradise,Paradise - Birch Street,CA,Active,1/27/2026 14:00,556340035,Permanent,-13539166.28,4830243.881
60074001,US,California Air Resources Board,R9,0,-8,39.32756,2026-01-27 06:00:00 GMT-8,-121.66881,,76,76,76,,ND,-999,0,,,,ND,-999,0,,21,76,76,76,1,UG/M3,76,76,76,Gridley,Gridley,CA,Active,1/27/2026 14:00,556340037,Permanent,-13544109.97,4768700.935
60130002,US,Bay Area Air District,R9,0,-8,37.9383,2026-01-27 06:00:00 GMT-8,-122.025,,49,49,49,0,0,0,1,,,,ND,-999,0,,,49,49,49,1,,49,49,49,Concord,Concord,CA,Active,1/27/2026 14:00,556340041,Permanent,-13583760.86,4570713.335
60130006,US,Bay Area Air District,R9,0,-8,37.9478,2026-01-27 06:00:00 GMT-8,-122.3636,,,ND,-999,,ND,-999,0,,,,ND,-999,0,,,,ND,-999,0,,,ND,-999,Oakland,Richmond - 7th St,CA,Active,1/27/2026 14:00,556340042,Permanent,-13621453.64,4572054.326
60131002,US,Bay Area Air District,R9,-1.8,-8,38.006311,2026-01-27 06:00:00 GMT-8,-121.641918,1,5,5,5,5,5,5,1,PPB,,,ND,-999,0,,,,ND,-999,0,,,ND,-999,Concord,Bethel Island,CA,Active,1/27/2026 14:00,556340044,Permanent,-13541116.37,4580317.384
60131004,US,Bay Area Air District,R9,19.8,-8,37.9604,2026-01-27 06:00:00 GMT-8,-122.3571,,62,62,62,16,16,16,1,,,,ND,-999,0,,,62,62,62,1,,62,62,62,Oakland,San Pablo - Rumrill,CA,Active,1/27/2026 14:00,556340045,Permanent,-13620730.07,4573833.17
60132007,US,Bay Area Air District,R9,0,-8,37.743649,2026-01-27 06:00:00 GMT-8,-121.934188,,,ND,-999,,ND,-999,1,,,,ND,-999,0,,,,ND,-999,0,,,ND,-999,Concord,San Ramon,CA,Active,1/27/2026 14:00,556340046,Permanent,-13573651.72,4543275.041
60170020,US,California Air Resources Board,R9,473.1,-8,38.89094,2026-01-27 06:00:00 GMT-8,-121.00337,,,ND,-999,,ND,-999,1,,,,ND,-999,0,,,,ND,-999,0,,,ND,-999,Placerville|Cool,Cool (Seasonal),CA,Active,1/27/2026 14:00,556340050,Permanent,-13470033.53,4706061.681
60190242,US,San Joaquin Valley Unified APCD,R9,0,-8,36.8414,2026-01-27 06:00:00 GMT-8,-119.8744,0,0,0,0,0,0,0,1,PPB,,,ND,-999,0,,,,ND,-999,0,,,ND,-999,Fresno,Fresno - Sierra Skypark #2,CA,Active,1/27/2026 14:00,556340054,Permanent,-13344357.17,4417022.989
60192008,US,San Joaquin Valley Unified APCD,R9,0,-8,36.1994,2026-01-27 06:00:00 GMT-8,-120.0991,,43,43,43,,ND,-999,0,,,,ND,-999,0,,11,43,43,43,1,UG/M3,43,43,43,Fresno,Huron,CA,Active,1/27/2026 14:00,556340055,Permanent,-13369370.66,4328093.306
60192009,US,San Joaquin Valley Unified APCD,R9,0,-8,36.6324,2026-01-27 06:00:00 GMT-8,-120.3822,0,2,2,2,1,1,1,1,PPB,,,ND,-999,0,,0,2,2,2,1,UG/M3,2,2,2,Fresno,Tranquillity,CA,Active,1/27/2026 14:00,556340056,Permanent,-13400885.2,4387991.202
60192016,US,San Joaquin Valley Unified APCD,R9,0,-8,36.71088,2026-01-27 06:00:00 GMT-8,-119.77743,,60,60,60,,ND,-999,0,,,,ND,-999,0,,15,60,60,60,1,UG/M3,60,60,60,Fresno,Fresno-Foundry Park,CA,Active,1/27/2026 14:00,556340057,Permanent,-13333562.52,4398883.444
60194001,US,San Joaquin Valley Unified APCD,R9,0,-8,36.5975,2026-01-27 06:00:00 GMT-8,-119.5036,2,2,2,2,2,2,2,1,PPB,,,ND,-999,0,,,,ND,-999,0,,,ND,-999,Fresno,Parlier,CA,Active,1/27/2026 14:00,556340059,Permanent,-13303079.9,4383150.994
60271023,US,Bishop Paiute Tribe,R9,1288.9,-8,37.3667,2026-01-27 06:00:00 GMT-8,-118.4167,13,16,16,16,16,16,16,1,PPB,,,ND,-999,0,,,,ND,-999,1,,,ND,-999,Bishop,Bishop Paiute Tribe-CA,CA,Active,1/27/2026 14:00,556340083,Permanent,-13182086.75,4490344.043
60290007,US,California Air Resources Board,R9,0,-8,35.345607,2026-01-27 06:00:00 GMT-8,-118.851825,6,7,7,7,7,7,7,1,PPB,,,ND,-999,0,,,,ND,-999,0,,,ND,-999,Bakersfield,Edison,CA,Active,1/27/2026 14:00,556340086,Permanent,-13230524.64,4210947.506
60290008,US,San Joaquin Valley Unified APCD,R9,0,-8,35.0544,2026-01-27 06:00:00 GMT-8,-119.4039,26,23,23,23,23,23,23,1,PPB,,,ND,-999,0,,,,ND,-999,0,,,ND,-999,Bakersfield,Maricopa - Stanilaus Street,CA,Active,1/27/2026 14:00,556340087,Permanent,-13291981.35,4171276.346
60290014,US,California Air Resources Board,R9,0,-8,35.356615,2026-01-27 06:00:00 GMT-8,-119.062613,0,83,83,83,0,0,0,1,PPB,,,ND,-999,0,,32.3,83,83,83,1,UG/M3,83,83,83,Bakersfield,Bakersfield - California Ave,CA,Active,1/27/2026 14:00,556340090,Permanent,-13253989.45,4212449.924
60292009,US,San Joaquin Valley Unified APCD,R9,0,-8,34.8416,2026-01-27 06:00:00 GMT-8,-118.8647,,18,18,18,,ND,-999,0,,,,ND,-999,0,,3,18,18,18,1,UG/M3,18,18,18,Bakersfield,Lebec,CA,Active,1/27/2026 14:00,556340092,Permanent,-13231957.88,4142375.997
60292012,US,San Joaquin Valley Unified APCD,R9,0,-8,35.3313,2026-01-27 06:00:00 GMT-8,-119,0,0,0,0,0,0,0,1,PPB,,,ND,-999,0,,,,ND,-999,0,,,ND,-999,Bakersfield,Bakersfield-Muni,CA,Active,1/27/2026 14:00,556340093,Permanent,-13247019.4,4208995.133
60295002,US,California Air Resources Board,R9,0,-8,35.23918,2026-01-27 06:00:00 GMT-8,-118.78863,8,10,10,10,10,10,10,1,PPB,,,ND,-999,0,,,,ND,-999,0,,,ND,-999,Bakersfield,Arvin - Di Giorgio School,CA,Active,1/27/2026 14:00,556340095,Permanent,-13223489.8,4196432.442
60296001,US,California Air Resources Board,R9,0,-8,35.50349,2026-01-27 06:00:00 GMT-8,-119.27264,0,0,0,0,0,0,0,1,PPB,,,ND,-999,0,,,,ND,-999,0,,,ND,-999,Bakersfield,Shafter - Walker Street,CA,Active,1/27/2026 14:00,556340096,Permanent,-13277369.55,4232515.684
60370113,US,South Coast AQMD,R9,29.3,-8,34.051097,2026-01-27 06:00:00 GMT-8,-118.456386,19,18,18,18,18,18,18,1,PPB,,,ND,-999,0,,,,ND,-999,0,,,ND,-999,NW Coastal LA,West Los Angeles - VA Hospital,CA,Active,1/27/2026 14:00,556340101,Permanent,-13186504.57,4035665.17
60371201,US,South Coast AQMD,R9,70.8,-8,34.1992,2026-01-27 06:00:00 GMT-8,-118.5331,1,33,33,33,3,3,3,1,PPB,,,ND,-999,0,,3.7,33,33,33,1,UG/M3,33,33,33,W San Fernando Vly,Reseda,CA,Active,1/27/2026 14:00,556340104,Permanent,-13195044.33,4055581.185
60371302,US,South Coast AQMD,R9,27.5,-8,33.9014,2026-01-27 06:00:00 GMT-8,-118.205,,,ND,-999,,ND,-999,1,,,,ND,-999,0,,,,ND,-999,1,,,ND,-999,S Central LA CO,Compton,CA,Active,1/27/2026 14:00,556340105,Permanent,-13158520.41,4015570.127
60371602,US,South Coast AQMD,R9,0,-8,34.010283,2026-01-27 06:00:00 GMT-8,-118.068484,5,7,7,7,7,7,7,1,PPB,,,ND,-999,0,,,,ND,-999,0,,,ND,-999,S San Gabriel Vly,Pico Rivera,CA,Active,1/27/2026 14:00,556340107,Permanent,-13143323.52,4030182.865
60372005,US,South Coast AQMD,R9,77.8,-8,34.13263,2026-01-27 06:00:00 GMT-8,-118.127142,15,12,12,12,12,12,12,1,PPB,,,ND,-999,0,,,,ND,-999,0,,,ND,-999,W San Gabriel Vly,Pasadena,CA,Active,1/27/2026 14:00,556340109,Permanent,-13149853.3,4046624.928
60374008,US,South Coast AQMD,R9,0,-8,33.859662,2026-01-27 06:00:00 GMT-8,-118.200707,,,ND,-999,,ND,-999,0,,,,ND,-999,0,,,,ND,-999,0,,,ND,-999,South Coastal LA,710 Near Road,CA,Active,1/27/2026 14:00,556340113,Permanent,-13158042.51,4009973.592
60376012,US,South Coast AQMD,R9,116.8,-8,34.3833,2026-01-27 06:00:00 GMT-8,-118.5283,13,40,40,40,12,12,12,1,PPB,,,ND,-999,0,,6.7,40,40,40,1,UG/M3,40,40,40,Santa Clarita Vly,Santa Clarita,CA,Active,1/27/2026 14:00,556340115,Permanent,-13194510,4080386.709
60390004,US,San Joaquin Valley Unified APCD,R9,0,-8,36.8669,2026-01-27 06:00:00 GMT-8,-120.01,0,0,0,0,0,0,0,1,PPB,,,ND,-999,0,,,,ND,-999,0,,,ND,-999,Madera,Madera - Pump Yard,CA,Active,1/27/2026 14:00,556340118,Permanent,-13359452.09,4420570.566
60410001,US,Bay Area Air District,R9,0.9,-8,37.9722,2026-01-27 06:00:00 GMT-8,-122.5189,1,59,59,59,3,3,3,1,PPB,,,ND,-999,0,,12,59,59,59,1,UG/M3,59,59,59,San Rafael,San Rafael,CA,Active,1/27/2026 14:00,556340120,Permanent,-13638741.56,4575499.349
60430006,US,California Air Resources Board,R9,1146.5,-8,37.54377,2026-01-27 06:00:00 GMT-8,-119.83957,,,ND,-999,,ND,-999,1,,,,ND,-999,0,,,,ND,-999,0,,,ND,-999,,Jerseydale (seasonal),CA,Active,1/27/2026 14:00,556340123,Permanent,-13340479.91,4515174.788
60450006,US,Mendocino County AQMD,R9,189.1,-8,39.150478,2026-01-27 06:00:00 GMT-8,-123.206528,,77,77,77,,ND,-999,0,,,,ND,-999,0,,21.6,77,77,77,1,UG/M3,77,77,77,Ukiah,Ukiah Library,CA,Active,1/27/2026 14:00,556340128,Permanent,-13715287.96,4743249.233
150011006,US,Hawaii State Dept. of Health,R9,0,-10,19.717562,2026-01-27 04:00:00 GMT-10,-155.110535,,17,17,17,,ND,-999,0,,,,ND,-999,0,,5,17,17,17,1,UG/M3,17,17,17,Hilo,Hilo,HI,Active,1/27/2026 14:00,556340201,Permanent,-17266825.77,2239602.113
150011012,US,Hawaii State Dept. of Health,R9,517.3,-10,19.5097,2026-01-27 04:00:00 GMT-10,-155.9133,,,ND,-999,,ND,-999,0,,,,ND,-999,0,,,,ND,-999,1,,,ND,-999,,Kona,HI,Active,1/27/2026 14:00,556340202,Permanent,-17356189.16,2215037.721
150012016,US,Hawaii State Dept. of Health,R9,0,-10,19.2065,2026-01-27 04:00:00 GMT-10,-155.4689,,24,24,24,,ND,-999,0,,,,ND,-999,0,,5,24,24,24,1,UG/M3,24,24,24,Pahala,Pahala,HI,Active,1/27/2026 14:00,556340203,Permanent,-17306718.78,2179263.095
150012020,US,Hawaii State Dept. of Health,R9,70.2,-10,19.117561,2026-01-27 04:00:00 GMT-10,-155.778137,,65,65,65,,ND,-999,0,,,,ND,-999,0,,17,65,65,65,1,UG/M3,65,65,65,Ocean View,Ocean View,HI,Active,1/27/2026 14:00,556340205,Permanent,-17341142.89,2168781.719
150012021,US,Hawaii State Dept. of Health,R9,183.9,-10,19.977467,2026-01-27 04:00:00 GMT-10,-155.798067,,,ND,-999,,ND,-999,0,,,,ND,-999,0,,,,ND,-999,1,,,ND,-999,Waikoloa,Waikoloa-21,HI,Active,1/27/2026 14:00,556340206,Permanent,-17343361.49,2270361.775
150012023,US,Hawaii State Dept. of Health,R9,0,-10,19.555445,2026-01-27 04:00:00 GMT-10,-155.102036,,20,20,20,,ND,-999,0,,,,ND,-999,0,,5,20,20,20,1,UG/M3,20,20,20,Mountain View,Mountain View,HI,Active,1/27/2026 14:00,556340207,Permanent,-17265879.67,2220440.98
150031004,US,Hawaii State Dept. of Health,R9,0,-10,21.3039,2026-01-27 04:00:00 GMT-10,-157.8711,8,32,32,32,6,6,6,1,PPB,,,ND,-999,0,,5.6,32,32,32,1,UG/M3,32,32,32,Sand Island,SAND ISLAND 2 - ANUENUE FISHERIES,HI,Active,1/27/2026 14:00,556340211,Permanent,-17574130.46,2428152.526
150090006,US,Hawaii State Dept. of Health,R9,39.3,-10,20.7808,2026-01-27 04:00:00 GMT-10,-156.4461,,13,13,13,,ND,-999,0,,,,ND,-999,0,,3,13,13,13,1,UG/M3,13,13,13,Kihei,"Kihei, Maui",HI,Active,1/27/2026 14:00,556340215,Permanent,-17415500.19,2365760.44
150090025,US,Hawaii State Dept. of Health,R9,0,-10,20.869444,2026-01-27 04:00:00 GMT-10,-156.492417,,17,17,17,,ND,-999,0,,,,ND,-999,0,,2,17,17,17,1,UG/M3,17,17,17,Kahului,KAHULUI,HI,Active,1/27/2026 14:00,556340217,Permanent,-17420656.17,2376317.971
800268012,US,Arizona Department of Environmental Quality,R9,44.5,-7,32.466703,2026-01-27 07:00:00 GMT-7,-114.768761,19,16,16,16,16,16,16,1,PPB,,,ND,-999,0,,,,ND,-999,0,,,ND,-999,,San Luis Rio Colorado,MX,Active,1/27/2026 14:00,556341107,Permanent,-12776000.03,3824729.769
8.4004E+11,US,Arizona Department of Environmental Quality,R9,0,-7,35.20445,2026-01-27 07:00:00 GMT-7,-111.65109,18,18,18,18,18,18,18,1,PPB,,,ND,-999,0,,,,ND,-999,0,,,ND,-999,Flagstaff,Flagstaff High School,AZ,Active,1/27/2026 14:00,556341123,Permanent,-12428942.49,4191699.91
8.4004E+11,US,Arizona Department of Environmental Quality,R9,0,-7,33.39866,2026-01-27 07:00:00 GMT-7,-110.84501,,,ND,-999,,ND,-999,0,,,,ND,-999,0,,,,ND,-999,0,,,ND,-999,Miami,Miami Solitude,AZ,Active,1/27/2026 14:00,556341125,Permanent,-12339210.07,3948339.751
8.4004E+11,US,Pima County Department of Environmental Quality,R9,0,-7,32.32959,2026-01-27 07:00:00 GMT-7,-111.058848,,,ND,-999,,ND,-999,0,,,,ND,-999,0,,,,ND,-999,1,,,ND,-999,Tucson,Ted Walker Park,AZ,Active,1/27/2026 14:00,556341128,Permanent,-12363014.41,3806652.619
8.4006E+11,US,Bay Area Air District,R9,145.5,-8,37.68975,2026-01-27 06:00:00 GMT-8,-121.77155,0,55,55,55,0,0,0,1,PPB,,,ND,-999,0,,11,55,55,55,1,UG/M3,55,55,55,Livermore,Livermore-Portola,CA,Active,1/27/2026 14:00,556341131,Permanent,-13555546.94,4535690.128
8.4006E+11,US,California Air Resources Board,R9,0,-8,39.757861,2026-01-27 06:00:00 GMT-8,-121.607908,35,31,31,31,31,31,31,1,PPB,,,ND,-999,0,,3.5,20,20,20,1,UG/M3,20,20,20,Paradise,Paradise - Clark Road,CA,Active,1/27/2026 14:00,556341132,Permanent,-13537330.39,4830817.437
8.4006E+11,US,North Coast Unified Air Quality Management District,R9,0,-8,41.75613,2026-01-27 06:00:00 GMT-8,-124.20347,,,ND,-999,,ND,-999,0,,,,ND,-999,0,,,,ND,-999,1,,,ND,-999,Crescent City,Crescent City,CA,Active,1/27/2026 14:00,556341133,Permanent,-13826267.04,5124518.613
8.4006E+11,US,California Air Resources Board,R9,609.4,-8,38.730278,2026-01-27 06:00:00 GMT-8,-120.813697,29,27,27,27,27,27,27,1,PPB,,,ND,-999,0,,,,ND,-999,0,,,ND,-999,Placerville,Placerville - Canal Street,CA,Active,1/27/2026 14:00,556341134,Permanent,-13448919.23,4683109.522
8.4006E+11,US,San Joaquin Valley Unified APCD,R9,0,-8,36.72622,2026-01-27 06:00:00 GMT-8,-119.73249,,62,62,62,,ND,-999,0,,,,ND,-999,0,,12.3,62,62,62,1,UG/M3,62,62,62,Fresno,Fresno-Pacific,CA,Active,1/27/2026 14:00,556341135,Permanent,-13328559.82,4401013.782
8.4006E+11,US,Eastern Kern Air Pollution Control District,R9,0,-8,35.643,2026-01-27 06:00:00 GMT-8,-117.71388,,26,26,26,,ND,-999,0,,,,ND,-999,0,,4,26,26,26,1,UG/M3,26,26,26,,Ridgecrest,CA,Active,1/27/2026 14:00,556341140,Permanent,-13103849.18,4251609.26
8.4006E+11,US,San Joaquin Valley Unified APCD,R9,0,-8,35.377,2026-01-27 06:00:00 GMT-8,-119.044028,,,ND,-999,,ND,-999,0,,,,ND,-999,0,,,,ND,-999,0,,,ND,-999,Bakersfield,Bakersfield-Westwind,CA,Active,1/27/2026 14:00,556341145,Permanent,-13251920.58,4215232.696
8.4006E+11,US,South Coast AQMD,R9,197.9,-8,34.181977,2026-01-27 06:00:00 GMT-8,-118.363036,0,43,43,43,3,3,3,1,PPB,,,ND,-999,0,,6.7,43,43,43,1,UG/M3,43,43,43,E San Fernando Vly,North Holywood,CA,Active,1/27/2026 14:00,556341148,Permanent,-13176112.9,4053263.343
8.4006E+11,US,Mendocino County AQMD,R9,185.7,-8,39.1253,2026-01-27 06:00:00 GMT-8,-123.2024,1,4,4,4,4,4,4,1,PPB,,,ND,-999,0,,,,ND,-999,0,,,ND,-999,Ukiah,Ukiah Airport,CA,Active,1/27/2026 14:00,556341150,Permanent,-13714828.43,4739635.648
8.4006E+11,US,Mendocino County AQMD,R9,427,-8,39.39861,2026-01-27 06:00:00 GMT-8,-123.35872,,95,95,95,,ND,-999,0,,,,ND,-999,0,,31.1,95,95,95,1,UG/M3,95,95,95,Willits,Willits Blosser Lane,CA,Active,1/27/2026 14:00,556341151,Permanent,-13732229.9,4778930.941
8.4006E+11,US,San Joaquin Valley Unified APCD,R9,0,-8,37.28973,2026-01-27 06:00:00 GMT-8,-120.42972,0,46,46,46,0,0,0,1,PPB,,,ND,-999,0,,7,46,46,46,1,UG/M3,46,46,46,Merced,Merced-Vierra,CA,Active,1/27/2026 14:00,556341152,Permanent,-13406175.11,4479568.725
8.40061E+11,US,Placer County APCD,R9,0,-8,38.93568,2026-01-27 06:00:00 GMT-8,-121.09959,32,31,31,31,24,24,24,1,PPB,,,ND,-999,0,,5,31,31,31,1,UG/M3,31,31,31,Auburn,Auburn,CA,Active,1/27/2026 14:00,556341155,Permanent,-13480744.69,4712462.468
8.40061E+11,US,Placer County APCD,R9,0,-8,38.86794,2026-01-27 06:00:00 GMT-8,-121.33835,1,77,77,77,2,2,2,1,PPB,,,ND,-999,0,,23,77,77,77,1,UG/M3,77,77,77,Lincoln,Lincoln,CA,Active,1/27/2026 14:00,556341156,Permanent,-13507323.34,4702772.725
8.40061E+11,US,Pechanga Band of Indians,R9,0,-8,33.447867,2026-01-27 06:00:00 GMT-8,-117.088649,,27,27,27,15,15,15,1,,,,ND,-999,0,,,27,27,27,1,,27,27,27,Pechanga Indian Reservation,Pechanga Reservation,CA,Active,1/27/2026 14:00,556341157,Permanent,-13034248.78,3954902.823
8.40061E+11,US,South Coast AQMD,R9,2060.3,-8,34.264706,2026-01-27 06:00:00 GMT-8,-116.861653,,17,17,17,,ND,-999,0,,,,ND,-999,0,,1.8,17,17,17,1,UG/M3,17,17,17,Big Bear Lake,Big Bear,CA,Active,1/27/2026 14:00,556341160,Permanent,-13008979.71,4064401.198
8.40061E+11,US,San Diego APCD,R9,18,-8,32.552794,2026-01-27 06:00:00 GMT-8,-117.047286,,52,52,52,,ND,-999,0,,,,ND,-999,0,,10.8,52,52,52,1,UG/M3,52,52,52,Border Area,San Ysidro,CA,Active,1/27/2026 14:00,556341162,Permanent,-13029644.28,3836094.18
8.40061E+11,US,San Luis Obispo County APCD,R9,88.5,-8,35.361589,2026-01-27 06:00:00 GMT-8,-120.836819,38,35,35,35,35,35,35,1,PPB,,,ND,-999,0,,,,ND,-999,0,,,ND,-999,Morro Bay,Morro Bay,CA,Active,1/27/2026 14:00,556341168,Permanent,-13451493.16,4213128.864
8.40061E+11,US,Santa Barbara County Air Pollution Control District,R9,19.8,-8,34.39424,2026-01-27 06:00:00 GMT-8,-119.51472,,3,3,3,,ND,-999,0,,,,ND,-999,0,,-1,3,3,3,1,UG/M3,3,3,3,Carpinteria,CarpPM,CA,Active,1/27/2026 14:00,556341171,Permanent,-13304317.77,4081862.471
8.40061E+11,US,Siskiyou County APCD,R9,1073,-8,41.312688,2026-01-27 06:00:00 GMT-8,-122.318254,,,ND,-999,,ND,-999,0,,,,ND,-999,0,,,,ND,-999,1,,,ND,-999,Mt Shasta,Mt Shasta,CA,Active,1/27/2026 14:00,556341173,Permanent,-13616405.75,5058573.052
8.40061E+11,US,Bay Area Air District,R9,6.1,-8,38.05043,2026-01-27 06:00:00 GMT-8,-122.15454,12,56,56,56,9,9,9,1,PPB,,,ND,-999,0,,12,56,56,56,1,UG/M3,56,56,56,Fairfield,Benicia - Fitzgerald,CA,Active,1/27/2026 14:00,556341174,Permanent,-13598181.19,4586552.332
8.40061E+11,US,California Air Resources Board,R9,97.9,-8,36.30815,2026-01-27 06:00:00 GMT-8,-119.3129,4,60,60,60,5,5,5,1,PPB,,,ND,-999,0,,14.9,60,60,60,1,UG/M3,60,60,60,Visalia,Visalia - W Ashland Avenue,CA,Active,1/27/2026 14:00,556341175,Permanent,-13281851.27,4343105.6
8.4015E+11,US,Hawaii State Dept. of Health,R9,0,-10,19.465,2026-01-27 04:00:00 GMT-10,-154.914,,,ND,-999,,ND,-999,0,,,,ND,-999,0,,,,ND,-999,0,,,ND,-999,,LEILANI,HI,Active,1/27/2026 14:00,556341225,Permanent,-17244947.6,2209759.37
8.4015E+11,US,Hawaii State Dept. of Health,R9,0,-10,19.611915,2026-01-27 04:00:00 GMT-10,-155.055038,,16,16,16,,ND,-999,0,,,,ND,-999,0,,3,16,16,16,1,UG/M3,16,16,16,Keaau,KS Hawaii,HI,Active,1/27/2026 14:00,556341226,Permanent,-17260647.88,2227113.158
8.4015E+11,US,Hawaii State Dept. of Health,R9,136.9,-10,19.060655,2026-01-27 04:00:00 GMT-10,-155.579159,,27,27,27,,ND,-999,0,,,,ND,-999,0,,5,27,27,27,1,UG/M3,27,27,27,Naalehu,NAALEHU,HI,Active,1/27/2026 14:00,556341227,Permanent,-17318992.76,2162078.362
8.4015E+11,US,Hawaii State Dept. of Health,R9,0,-10,19.618158,2026-01-27 04:00:00 GMT-10,-155.971242,,54,54,54,,ND,-999,0,,,,ND,-999,0,,9,54,54,54,1,UG/M3,54,54,54,Kailua-Kona,Kailua-Kona,HI,Active,1/27/2026 14:00,556341228,Permanent,-17362639.24,2227850.939
8.4015E+11,US,Hawaii State Dept. of Health,R9,0,-10,21.9495,2026-01-27 04:00:00 GMT-10,-159.365,,,ND,-999,,ND,-999,0,,,,ND,-999,0,,,,ND,-999,0,,,ND,-999,,NIUMALU,HI,Active,1/27/2026 14:00,556341229,Permanent,-17740430.65,2505463.185
8.4032E+11,US,Clark County Department of Environment and Sustainability ,R9,0,-8,36.404889,2026-01-27 06:00:00 GMT-8,-114.87988,,,ND,-999,,ND,-999,1,,,,ND,-999,0,,,,ND,-999,0,,,ND,-999,,Apex,NV,Active,1/27/2026 14:00,556341308,Permanent,-12788369.74,4356477.451
84032005TRP1,US,Tahoe Regional Planning Agency,R9,0,-8,38.966434,2026-01-27 06:00:00 GMT-8,-119.931016,,8,8,8,,ND,-999,0,,,,ND,-999,0,,,8,8,8,1,,8,8,8,,TRPA Office,NV,Active,1/27/2026 14:00,556341310,Permanent,-13350659.63,4716864.671
320010002,US,Nevada Division of Environmental Protection,R9,1210.5,-8,39.472471,2026-01-27 06:00:00 GMT-8,-118.783624,1,0,0,0,0,0,0,1,PPB,,,ND,-999,0,,,,ND,-999,0,,,ND,-999,Fallon,Fallon,NV,Active,1/27/2026 14:00,556341951,Permanent,-13222932.54,4789576.736
320031501,US,Clark County Department of Environment and Sustainability ,R9,0,-8,36.139707,2026-01-27 06:00:00 GMT-8,-115.175654,,,ND,-999,,ND,-999,0,,,,ND,-999,0,,,,ND,-999,1,,,ND,-999,Las Vegas,RT,NV,Active,1/27/2026 14:00,556341966,Permanent,-12821295.16,4319861.907
320037771,US,Clark County Department of Environment and Sustainability ,R9,2440,-8,36.318409,2026-01-27 06:00:00 GMT-8,-115.584076,,,ND,-999,,ND,-999,1,,,,ND,-999,0,,,,ND,-999,0,,,ND,-999,,Spring Mountain Youth Camp,NV,Active,1/27/2026 14:00,556341969,Permanent,-12866760.48,4344522.874
320037772,US,Clark County Department of Environment and Sustainability ,R9,0,-8,36.569333,2026-01-27 06:00:00 GMT-8,-115.676651,,,ND,-999,,ND,-999,1,,,,ND,-999,0,,,,ND,-999,0,,,ND,-999,Indian Springs,Indian Springs,NV,Active,1/27/2026 14:00,556341970,Permanent,-12877065.89,4379246.168
320050007,US,Nevada Division of Environmental Protection,R9,1489.9,-8,38.897611,2026-01-27 06:00:00 GMT-8,-119.732101,,54,54,54,,ND,-999,0,,,,ND,-999,0,,9,54,54,54,1,UG/M3,54,54,54,Gardnerville,Ranchos,NV,Active,1/27/2026 14:00,556341972,Permanent,-13328516.51,4707015.821
320190006,US,Nevada Division of Environmental Protection,R9,1273.4,-8,39.602739,2026-01-27 06:00:00 GMT-8,-119.247853,7,10,10,10,10,10,10,1,PPB,,,ND,-999,0,,,,ND,-999,0,,,ND,-999,Fernley,Fernley,NV,Active,1/27/2026 14:00,556341975,Permanent,-13274610.27,4808380.217
320312002,US,Northern Nevada Public Health Air Quality Management Division,R9,0,-8,39.250437,2026-01-27 06:00:00 GMT-8,-119.956741,32,30,30,30,30,30,30,1,PPB,,,ND,-999,0,,,,ND,-999,0,,,ND,-999,Reno-Sparks,Incline,NV,Active,1/27/2026 14:00,556341989,Permanent,-13353523.33,4757608.276
320312009,US,Northern Nevada Public Health Air Quality Management Division,R9,0,-8,39.645288,2026-01-27 06:00:00 GMT-8,-119.840051,1,2,2,2,2,2,2,1,PPB,,,ND,-999,0,,,,ND,-999,0,,,ND,-999,Reno-Sparks,Lemmon Valley,NV,Active,1/27/2026 14:00,556341990,Permanent,-13340533.45,4814529.594
325100020,US,Nevada Division of Environmental Protection,R9,1428.9,-8,39.144804,2026-01-27 06:00:00 GMT-8,-119.766409,2,54,54,54,4,4,4,1,PPB,,,ND,-999,0,,9,54,54,54,1,UG/M3,54,54,54,Carson City,CC_Armory,NV,Active,1/27/2026 14:00,556341994,Permanent,-13332335.66,4742434.779
60510001,US,Great Basin Unified Air Pollution Control District,R9,0,-8,37.645718,2026-01-27 06:00:00 GMT-8,-118.966515,,18,18,18,,ND,-999,0,,20,18,18,18,1,UG/M3,,,ND,-999,0,,18,18,18,Mammoth Lakes,Mammoth Lakes,CA,Active,1/27/2026 14:00,556338933,Permanent,-13243291.87,4529497.835
60510005,US,Great Basin Unified Air Pollution Control District,R9,0,-8,37.962069,2026-01-27 06:00:00 GMT-8,-119.120278,,18,18,18,,ND,-999,0,,10,6,6,6,1,UG/M3,4.4,18,18,18,1,UG/M3,18,18,18,Mono Lake|Lee Vining,Lee Vining,CA,Active,1/27/2026 14:00,556338934,Permanent,-13260408.69,4574068.82
60510011,US,Great Basin Unified Air Pollution Control District,R9,0,-8,38.0697,2026-01-27 06:00:00 GMT-8,-118.9477,,4,4,4,,ND,-999,0,,5,4,4,4,1,UG/M3,,,ND,-999,0,,4,4,4,Mono Lake,Mono Shore,CA,Active,1/27/2026 14:00,556338935,Permanent,-13241197.4,4589276.77
60530008,US,Monterey Bay Unified APCD,R9,102.8,-8,36.209038,2026-01-27 06:00:00 GMT-8,-121.125986,8,9,9,9,6,6,6,1,PPB,4,3,3,3,1,UG/M3,1,9,9,9,1,UG/M3,9,9,9,King City,King City AMS,CA,Active,1/27/2026 14:00,556338937,Permanent,-13483683.08,4329422.932
60590007,US,South Coast AQMD,R9,15.3,-8,33.830586,2026-01-27 06:00:00 GMT-8,-117.938509,8,37,37,37,14,14,14,1,PPB,16,15,15,15,1,UG/M3,6.1,37,37,37,1,UG/M3,37,37,37,Central Orange,Anaheim,CA,Active,1/27/2026 14:00,556338960,Permanent,-13128854.77,4006076.486
60592022,US,South Coast AQMD,R9,122,-8,33.629991,2026-01-27 06:00:00 GMT-8,-117.675875,29,25,25,25,25,25,25,1,PPB,5,5,5,5,1,UG/M3,3.5,22,22,22,1,UG/M3,22,22,22,Saddleback Vly,Mission Viejo,CA,Active,1/27/2026 14:00,556338963,Permanent,-13099618.48,3979226.408
60610006,US,California Air Resources Board,R9,0,-8,38.74643,2026-01-27 06:00:00 GMT-8,-121.26498,1,53,53,53,4,4,4,1,PPB,9,9,9,9,1,UG/M3,11.1,53,53,53,1,UG/M3,53,53,53,Roseville-Rocklin,Roseville - N.Sunrise/Douglas,CA,Active,1/27/2026 14:00,556338967,Permanent,-13499155.82,4685414.658
60650016,US,South Coast AQMD,R9,453.2,-8,33.583099,2026-01-27 06:00:00 GMT-8,-117.072197,31,31,31,31,31,31,31,1,PPB,,,ND,-999,1,,4,25,25,25,1,UG/M3,25,25,25,Temecula Vly,Temecula (Lake Skinner),CA,Active,1/27/2026 14:00,556338978,Permanent,-13032417.36,3972958.841
60652005,US,South Coast AQMD,R9,0,-8,33.572019,2026-01-27 06:00:00 GMT-8,-116.063823,,15,15,15,,ND,-999,0,,18,15,15,15,1,UG/M3,,,ND,-999,0,,15,15,15,Coachella Vly,Saul Martinez,CA,Active,1/27/2026 14:00,556338982,Permanent,-12920165.68,3971478.39
60655001,US,South Coast AQMD,R9,54,-8,33.852605,2026-01-27 06:00:00 GMT-8,-116.540965,22,19,19,19,19,19,19,1,PPB,7,7,7,7,1,UG/M3,,,ND,-999,0,,7,7,7,Coachella Vly,Palm Springs - Fire Station,CA,Active,1/27/2026 14:00,556338983,Permanent,-12973280.88,4009027.608
60658001,US,South Coast AQMD,R9,78.7,-8,33.999449,2026-01-27 06:00:00 GMT-8,-117.415831,1,54,54,54,4,4,4,1,PPB,30,26,26,26,1,UG/M3,10.5,54,54,54,1,UG/M3,54,54,54,Metro Riverside CO,Riverside - Rubidoux,CA,Active,1/27/2026 14:00,556338985,Permanent,-13070670.52,4028728.041
60658005,US,South Coast AQMD,R9,230.9,-8,33.996387,2026-01-27 06:00:00 GMT-8,-117.4925,1,62,62,62,4,4,4,1,PPB,21,22,22,22,1,UG/M3,14,62,62,62,1,UG/M3,62,62,62,Metro Riverside CO,Mira Loma - Van Buren,CA,Active,1/27/2026 14:00,556338986,Permanent,-13079205.27,4028316.899
60659001,US,South Coast AQMD,R9,134.2,-8,33.676535,2026-01-27 06:00:00 GMT-8,-117.331027,5,56,56,56,12,12,12,1,PPB,35,23,23,23,1,UG/M3,19.7,56,56,56,1,UG/M3,56,56,56,Lake Elsinore,Lake Elsinore - W. Flint Street,CA,Active,1/27/2026 14:00,556338987,Permanent,-13061230.18,3985450.837
60670006,US,Sacramento Metro. AQMD,R9,25.3,-8,38.613804,2026-01-27 06:00:00 GMT-8,-121.368007,1,83,83,83,2,2,2,1,PPB,,,ND,-999,1,,26,83,83,83,1,UG/M3,83,83,83,Arden Arcade-Del Paso Manor,Arden Arcade - Del Paso Manor,CA,Active,1/27/2026 14:00,556338990,Permanent,-13510624.74,4666502.32
60670010,US,California Air Resources Board,R9,0,-8,38.56844,2026-01-27 06:00:00 GMT-8,-121.49311,1,75,75,75,0,0,0,1,PPB,31,31,31,31,1,UG/M3,20.7,75,75,75,1,UG/M3,75,75,75,Sacramento,Downtown Sacramento - T Street,CA,Active,1/27/2026 14:00,556338992,Permanent,-13524551.14,4660041.487
60670011,US,Sacramento Metro. AQMD,R9,6.4,-8,38.302591,2026-01-27 06:00:00 GMT-8,-121.420838,2,55,55,55,3,3,3,1,PPB,9,8,8,8,1,UG/M3,11,55,55,55,1,UG/M3,55,55,55,Elk Grove,Elk Grove,CA,Active,1/27/2026 14:00,556338993,Permanent,-13516505.86,4622260.404
60690002,US,Monterey Bay Unified APCD,R9,0,-8,36.843425,2026-01-27 06:00:00 GMT-8,-121.3621,10,17,17,17,15,15,15,1,PPB,6,5,5,5,1,UG/M3,3,17,17,17,1,UG/M3,17,17,17,Hollister,Hollister AMS,CA,Active,1/27/2026 14:00,556339000,Permanent,-13509967.17,4417304.665
60710001,US,Mojave Desert AQMD,R9,695.4,-8,34.894054,2026-01-27 06:00:00 GMT-8,-117.024756,3,15,15,15,6,6,6,1,PPB,15,15,15,15,1,UG/M3,,,ND,-999,0,,15,15,15,Barstow,Barstow,CA,Active,1/27/2026 14:00,556339002,Permanent,-13027136.25,4149492.81
60710013,US,Mojave Desert AQMD,R9,983.9,-8,34.4101,2026-01-27 06:00:00 GMT-8,-116.906874,,16,16,16,,ND,-999,0,,21,16,16,16,1,UG/M3,,,ND,-999,0,,16,16,16,,Lucerne Valley,CA,Active,1/27/2026 14:00,556339005,Permanent,-13014013.68,4084002.265
60710306,US,Mojave Desert AQMD,R9,278.5,-8,34.510955,2026-01-27 06:00:00 GMT-8,-117.32555,0,37,37,37,0,0,0,1,PPB,48,37,37,37,1,UG/M3,,,ND,-999,1,,37,37,37,Victorville,Victorville - Park Avenue,CA,Active,1/27/2026 14:00,556339008,Permanent,-13060620.48,4097618.893
60711234,US,Mojave Desert AQMD,R9,498.7,-8,35.774455,2026-01-27 06:00:00 GMT-8,-117.372109,15,15,15,15,15,15,15,1,PPB,8,7,7,7,1,UG/M3,,,ND,-999,0,,7,7,7,Trona,Trona - Athol and Telegraph,CA,Active,1/27/2026 14:00,556339011,Permanent,-13065803.41,4269630.944
60712002,US,South Coast AQMD,R9,116.8,-8,34.100132,2026-01-27 06:00:00 GMT-8,-117.491982,1,36,36,36,5,5,5,1,PPB,57,36,36,36,1,UG/M3,4.2,21,21,21,1,UG/M3,36,36,36,C San Bernardino,Fontana - Arrow Highway,CA,Active,1/27/2026 14:00,556339012,Permanent,-13079147.61,4042255.245
60714001,US,Mojave Desert AQMD,R9,966.9,-8,34.416506,2026-01-27 06:00:00 GMT-8,-117.285602,14,19,19,19,13,13,13,1,PPB,21,19,19,19,1,UG/M3,,,ND,-999,0,,19,19,19,Hesperia,Hesperia - Olive Street,CA,Active,1/27/2026 14:00,556339013,Permanent,-13056173.49,4084866.663
60719004,US,South Coast AQMD,R9,102.5,-8,34.106678,2026-01-27 06:00:00 GMT-8,-117.274063,2,19,19,19,5,5,5,1,PPB,19,19,19,19,1,UG/M3,,,ND,-999,0,,19,19,19,C San Bernardino,San Bernadino - 4th Street,CA,Active,1/27/2026 14:00,556339016,Permanent,-13054888.98,4043135.286
60730001,US,San Diego APCD,R9,54.9,-8,32.631229,2026-01-27 06:00:00 GMT-8,-117.059074,26,26,26,26,26,26,26,1,PPB,7,6,6,6,1,UG/M3,2.2,13,13,13,1,UG/M3,13,13,13,San Diego Coast,Chula Vista,CA,Active,1/27/2026 14:00,556339018,Permanent,-13030956.51,3846457.456
60731006,US,San Diego APCD,R9,622.5,-8,32.842297,2026-01-27 06:00:00 GMT-8,-116.768326,43,40,40,40,40,40,40,1,PPB,3,3,3,3,1,UG/M3,1,7,7,7,1,UG/M3,7,7,7,San Diego Foothills,Alpine,CA,Active,1/27/2026 14:00,556339022,Permanent,-12998590.59,3874390.187
60731008,US,San Diego APCD,R9,16.2,-8,33.217026,2026-01-27 06:00:00 GMT-8,-117.396156,34,25,25,25,25,25,25,1,PPB,6,6,6,6,1,UG/M3,2.7,16,16,16,1,UG/M3,16,16,16,San Diego Coast,Camp Pendleton,CA,Active,1/27/2026 14:00,556339023,Permanent,-13068480.31,3924146.092
60731014,US,San Diego APCD,R9,184.8,-8,32.579361,2026-01-27 06:00:00 GMT-8,-116.929486,36,33,33,33,33,33,33,1,PPB,18,13,13,13,1,UG/M3,3.2,16,16,16,1,UG/M3,16,16,16,Border Area,Otay Mesa - Donovan,CA,Active,1/27/2026 14:00,556339025,Permanent,-13016530.84,3839603.347
60731016,US,San Diego APCD,R9,132.1,-8,32.845467,2026-01-27 06:00:00 GMT-8,-117.123894,29,28,28,28,28,28,28,1,PPB,6,6,6,6,1,UG/M3,2.6,15,15,15,1,UG/M3,15,15,15,San Diego Coast,San Diego - Kearny Villa Rd.,CA,Active,1/27/2026 14:00,556339026,Permanent,-13038172.24,3874810.21
60731022,US,San Diego APCD,R9,144,-8,32.789561,2026-01-27 06:00:00 GMT-8,-116.944222,2,38,38,38,6,6,6,1,PPB,15,14,14,14,1,UG/M3,7,38,38,38,1,UG/M3,38,38,38,San Diego Mesa and Inland Valley,El Cajon - Lexington Elementary School,CA,Active,1/27/2026 14:00,556339028,Permanent,-13018171.24,3867404.902
60732000,US,Manzanita Band of the Kumeyaay Nation,R9,0,-8,32.7355,2026-01-27 06:00:00 GMT-8,-116.3454,,,ND,-999,,ND,-999,0,,,,ND,-999,1,,,,ND,-999,0,,,ND,-999,San Diego Foothills,Manzanita Tribe 1,CA,Active,1/27/2026 14:00,556339030,Permanent,-12951510.68,3860248.409
60772010,US,San Joaquin Valley Unified APCD,R9,0,-8,37.8027,2026-01-27 06:00:00 GMT-8,-121.2208,,71,71,71,,ND,-999,0,,17,21,21,21,1,UG/M3,15.8,71,71,71,1,UG/M3,71,71,71,Stockton,Manteca,CA,Active,1/27/2026 14:00,556339033,Permanent,-13494237.73,4551591.311
60773005,US,San Joaquin Valley Unified APCD,R9,0,-8,37.6825,2026-01-27 06:00:00 GMT-8,-121.4406,10,55,55,55,11,11,11,1,PPB,13,11,11,11,1,UG/M3,13,55,55,55,1,UG/M3,55,55,55,Stockton,TracyAP,CA,Active,1/27/2026 14:00,556339034,Permanent,-13518705.75,4534670.296
60790005,US,California Air Resources Board,R9,252.2,-8,35.614668,2026-01-27 06:00:00 GMT-8,-120.656912,1,20,20,20,1,1,1,1,PPB,21,20,20,20,1,UG/M3,,,ND,-999,0,,20,20,20,Paso Robles,Paso Robles - Santa Fe Ave,CA,Active,1/27/2026 14:00,556339035,Permanent,-13431466,4247729.002
60792004,US,San Luis Obispo County APCD,R9,0,-8,35.02079,2026-01-27 06:00:00 GMT-8,-120.56389,,23,23,23,,ND,-999,0,,9,8,8,8,1,UG/M3,4,23,23,23,1,UG/M3,23,23,23,Nipomo Mesa2,Mesa 2,CA,Active,1/27/2026 14:00,556339037,Permanent,-13421110.84,4166706.781
60792007,US,San Luis Obispo County APCD,R9,30.5,-8,35.04676,2026-01-27 06:00:00 GMT-8,-120.58777,,15,15,15,,ND,-999,0,,17,15,15,15,1,UG/M3,1,13,13,13,1,UG/M3,15,15,15,Nipomo CDF,CDF,CA,Active,1/27/2026 14:00,556339039,Permanent,-13423769.15,4170237.458
60794002,US,San Luis Obispo County APCD,R9,30.8,-8,35.0315,2026-01-27 06:00:00 GMT-8,-120.50101,20,19,19,19,19,19,19,1,PPB,12,7,7,7,1,UG/M3,,,ND,-999,0,,7,7,7,Nipomo,NRP,CA,Active,1/27/2026 14:00,556339041,Permanent,-13414111.07,4168162.693
60798002,US,San Luis Obispo County APCD,R9,260.2,-8,35.494556,2026-01-27 06:00:00 GMT-8,-120.666203,0,38,38,38,1,1,1,1,PPB,7,6,6,6,1,UG/M3,6,38,38,38,1,UG/M3,38,38,38,Atascadero,Atascadero,CA,Active,1/27/2026 14:00,556339043,Permanent,-13432500.27,4231294.093
60798006,US,San Luis Obispo County APCD,R9,0,-8,35.35474,2026-01-27 06:00:00 GMT-8,-120.04013,8,6,6,6,6,6,6,1,PPB,0,0,0,0,1,UG/M3,,,ND,-999,0,,0,0,0,Carrizo Plains,Carrizo,CA,Active,1/27/2026 14:00,556339045,Permanent,-13362806.15,4212194.002
60830011,US,Santa Barbara County Air Pollution Control District,R9,6.1,-8,34.42775,2026-01-27 06:00:00 GMT-8,-119.69091,8,31,31,31,10,10,10,1,PPB,11,11,11,11,1,UG/M3,6,31,31,31,1,UG/M3,31,31,31,Santa Barbara,Santa Barbara,CA,Active,1/27/2026 14:00,556339048,Permanent,-13323931.15,4086384.039
60831025,US,Santa Barbara County Air Pollution Control District,R9,0,-8,34.4897,2026-01-27 06:00:00 GMT-8,-120.0458,40,37,37,37,37,37,37,1,PPB,9,6,6,6,1,UG/M3,,,ND,-999,0,,6,6,6,Gaviota Coast,Las Flores Canyon,CA,Active,1/27/2026 14:00,556339054,Permanent,-13363437.33,4094747.846
60832004,US,Santa Barbara County Air Pollution Control District,R9,0,-8,34.637798,2026-01-27 06:00:00 GMT-8,-120.456703,14,13,13,13,13,13,13,1,PPB,15,13,13,13,1,UG/M3,1,10,10,10,1,UG/M3,13,13,13,Lompoc,Lompoc H Street,CA,Active,1/27/2026 14:00,556339055,Permanent,-13409178.84,4114767.631
60832011,US,Santa Barbara County Air Pollution Control District,R9,0,-8,34.445301,2026-01-27 06:00:00 GMT-8,-119.827797,8,9,9,9,6,6,6,1,PPB,,,ND,-999,1,,1,9,9,9,1,UG/M3,9,9,9,Goleta,Goleta,CA,Active,1/27/2026 14:00,556339056,Permanent,-13339169.34,4088752.952
60990005,US,California Air Resources Board,R9,0,-8,37.642165,2026-01-27 06:00:00 GMT-8,-120.994212,0,83,83,83,1,1,1,1,PPB,26,29,29,29,1,UG/M3,22.7,83,83,83,1,UG/M3,83,83,83,Modesto,Modesto - 14th Street,CA,Active,1/27/2026 14:00,556339086,Permanent,-13469014.07,4528998.33
60990006,US,San Joaquin Valley Unified APCD,R9,0,-8,37.4883,2026-01-27 06:00:00 GMT-8,-120.8358,0,54,54,54,0,0,0,1,PPB,11,11,11,11,1,UG/M3,10,54,54,54,1,UG/M3,54,54,54,Modesto,Turlock - S. Minaret Street,CA,Active,1/27/2026 14:00,556339087,Permanent,-13451379.73,4507389.834
61010003,US,California Air Resources Board,R9,0,-8,39.13868,2026-01-27 06:00:00 GMT-8,-121.61884,0,68,68,68,0,0,0,1,PPB,27,25,25,25,1,UG/M3,15.7,68,68,68,1,UG/M3,68,68,68,Yuba City and Marysville,Yuba City,CA,Active,1/27/2026 14:00,556339089,Permanent,-13538547.34,4741555.805
61030007,US,Tehama County Air Pollution Control District,R9,99.7,-8,40.170917,2026-01-27 06:00:00 GMT-8,-122.255667,9,16,16,16,11,11,11,1,PPB,5,6,6,6,1,UG/M3,2.5,16,16,16,1,UG/M3,16,16,16,Red Bluff,Red Bluff - Walnut office,CA,Active,1/27/2026 14:00,556339093,Permanent,-13609438.6,4890810.646
61112002,US,Ventura County APCD,R9,0,-8,34.27632,2026-01-27 06:00:00 GMT-8,-118.68369,4,18,18,18,9,9,9,1,PPB,15,13,13,13,1,UG/M3,3,18,18,18,1,UG/M3,18,18,18,Simi Valley,Simi Valley - Cochran Street,CA,Active,1/27/2026 14:00,556339103,Permanent,-13211807.94,4065965.674
61113001,US,Ventura County APCD,R9,0,-8,34.25239,2026-01-27 06:00:00 GMT-8,-119.14318,26,26,26,26,21,21,21,1,PPB,20,15,15,15,1,UG/M3,5,26,26,26,1,UG/M3,26,26,26,Oxnard,El Rio - Rio Mesa School #2,CA,Active,1/27/2026 14:00,556339105,Permanent,-13262958.13,4062742.394
40030011,US,Arizona Department of Environmental Quality,R9,1280.7,-7,31.3658,2026-01-27 07:00:00 GMT-7,-109.7309,,5,5,5,,ND,-999,0,,6,5,5,5,1,UG/M3,,,ND,-999,0,,5,5,5,Douglas,Paul Spur Chemical Lime Plant,AZ,Active,1/27/2026 14:00,556339751,Permanent,-12215187.91,3680346.915
40031005,US,Arizona Department of Environmental Quality,R9,132.1,-7,31.3492,2026-01-27 07:00:00 GMT-7,-109.539683,,10,10,10,,ND,-999,0,,13,10,10,10,1,UG/M3,,,ND,-999,0,,10,10,10,Douglas,Douglas Red Cross,AZ,Active,1/27/2026 14:00,556339752,Permanent,-12193901.73,3678182.934
40070008,US,Arizona Department of Environmental Quality,R9,1501.8,-7,34.22934,2026-01-27 07:00:00 GMT-7,-111.3297,,24,24,24,,ND,-999,0,,33,24,24,24,1,UG/M3,,,ND,-999,0,,24,24,24,,Payson Well Site,AZ,Active,1/27/2026 14:00,556339756,Permanent,-12393165.51,4059638.513
40071001,US,Arizona Department of Environmental Quality,R9,625.3,-7,33.006268,2026-01-27 07:00:00 GMT-7,-110.786484,,3,3,3,,ND,-999,0,,4,3,3,3,1,UG/M3,,,ND,-999,0,,3,3,3,Hayden,Hayden,AZ,Active,1/27/2026 14:00,556339761,Permanent,-12332694.99,3896135.965
40078000,US,Arizona Department of Environmental Quality,R9,1000.4,-7,33.419017,2026-01-27 07:00:00 GMT-7,-110.829667,,19,19,19,,ND,-999,0,,28,19,19,19,1,UG/M3,,,ND,-999,0,,19,19,19,Miami,Miami Golf Course,AZ,Active,1/27/2026 14:00,556339762,Permanent,-12337502.1,3951054.451
40128000,US,Arizona Department of Environmental Quality,R9,403.2,-7,34.243889,2026-01-27 07:00:00 GMT-7,-113.558611,17,18,18,18,18,18,18,1,PPB,7,7,7,7,1,UG/M3,2.1,12,12,12,1,UG/M3,12,12,12,,Alamo Lake,AZ,Active,1/27/2026 14:00,556339782,Permanent,-12641286.75,4061597.562
40130019,US,Maricopa County Air Quality Department,R9,333.1,-7,33.483799,2026-01-27 07:00:00 GMT-7,-112.142601,0,46,46,46,8,8,8,1,PPB,28,21,21,21,1,UG/M3,8.4,46,46,46,1,UG/M3,46,46,46,Phoenix,West Phoenix,AZ,Active,1/27/2026 14:00,556339783,Permanent,-12483657.24,3959697.669
40131003,US,Maricopa County Air Quality Department,R9,383.1,-7,33.4105,2026-01-27 07:00:00 GMT-7,-111.8651,25,24,24,24,24,24,24,1,PPB,4,4,4,4,1,UG/M3,2.4,17,17,17,1,UG/M3,17,17,17,Phoenix,Mesa - Brooks Reservoir,AZ,Active,1/27/2026 14:00,556339784,Permanent,-12452765.97,3949918.593
40131004,US,Maricopa County Air Quality Department,R9,378.5,-7,33.560299,2026-01-27 07:00:00 GMT-7,-112.066299,12,22,22,22,17,17,17,1,PPB,12,8,8,8,1,UG/M3,6.1,22,22,22,1,UG/M3,22,22,22,Phoenix,North Phoenix,AZ,Active,1/27/2026 14:00,556339785,Permanent,-12475163.34,3969912.632
40132001,US,Maricopa County Air Quality Department,R9,350.4,-7,33.5694,2026-01-27 07:00:00 GMT-7,-112.1915,9,10,10,10,10,10,10,1,PPB,6,4,4,4,1,UG/M3,2.6,8,8,8,1,UG/M3,8,8,8,Phoenix,Glendale Community College,AZ,Active,1/27/2026 14:00,556339789,Permanent,-12489100.65,3971128.48
40133002,US,Maricopa County Air Quality Department,R9,339.5,-7,33.4579,2026-01-27 07:00:00 GMT-7,-112.046,0,59,59,59,4,4,4,1,PPB,94,59,59,59,1,UG/M3,,,ND,-999,0,,59,59,59,Phoenix,Central Phoenix,AZ,Active,1/27/2026 14:00,556339792,Permanent,-12472903.67,3956241.449
40133003,US,Maricopa County Air Quality Department,R9,368.1,-7,33.4797,2026-01-27 07:00:00 GMT-7,-111.9172,8,13,13,13,4,4,4,1,PPB,16,13,13,13,1,UG/M3,,,ND,-999,0,,13,13,13,Phoenix,South Scottsdale,AZ,Active,1/27/2026 14:00,556339793,Permanent,-12458565.72,3959150.589
40134003,US,Maricopa County Air Quality Department,R9,307.4,-7,33.4033,2026-01-27 07:00:00 GMT-7,-112.0731,0,58,58,58,6,6,6,1,PPB,34,28,28,28,1,UG/M3,11.8,58,58,58,1,UG/M3,58,58,58,Phoenix,South Phoenix,AZ,Active,1/27/2026 14:00,556339796,Permanent,-12475920.42,3948958.461
40134004,US,Maricopa County Air Quality Department,R9,366,-7,33.299,2026-01-27 07:00:00 GMT-7,-111.8843,10,13,13,13,10,10,10,1,PPB,17,13,13,13,1,UG/M3,,,ND,-999,0,,13,13,13,Phoenix,West Chandler Fire Station,AZ,Active,1/27/2026 14:00,556339797,Permanent,-12454903.3,3935058.795
40134005,US,Maricopa County Air Quality Department,R9,352.3,-7,33.4124,2026-01-27 07:00:00 GMT-7,-111.9347,2,30,30,30,10,10,10,1,PPB,13,10,10,10,1,UG/M3,7,30,30,30,1,UG/M3,30,30,30,Phoenix,Tempe,AZ,Active,1/27/2026 14:00,556339798,Permanent,-12460513.81,3950171.974
40134006,US,Maricopa County Air Quality Department,R9,391,-7,33.309944,2026-01-27 07:00:00 GMT-7,-111.720029,,19,19,19,,ND,-999,0,,23,19,19,19,1,UG/M3,,,ND,-999,0,,19,19,19,Phoenix,Higley,AZ,Active,1/27/2026 14:00,556339799,Permanent,-12436616.74,3936516.479
40134009,US,Maricopa County Air Quality Department,R9,318.4,-7,33.406399,2026-01-27 07:00:00 GMT-7,-112.144302,,81,81,81,,ND,-999,0,,148,81,81,81,1,UG/M3,,,ND,-999,0,,81,81,81,Phoenix,West 43rd,AZ,Active,1/27/2026 14:00,556339801,Permanent,-12483846.59,3949371.708
40134010,US,Maricopa County Air Quality Department,R9,363.3,-7,33.6369,2026-01-27 07:00:00 GMT-7,-112.3394,2,32,32,32,9,9,9,1,PPB,54,32,32,32,1,UG/M3,,,ND,-999,0,,32,32,32,,Dysart,AZ,Active,1/27/2026 14:00,556339802,Permanent,-12505564.8,3980150.151
40134011,US,Maricopa County Air Quality Department,R9,265.4,-7,33.37,2026-01-27 07:00:00 GMT-7,-112.6207,0,29,29,29,1,1,1,1,PPB,34,29,29,29,1,UG/M3,,,ND,-999,0,,29,29,29,,Buckeye,AZ,Active,1/27/2026 14:00,556339803,Permanent,-12536878.98,3944518.886
40134016,US,Maricopa County Air Quality Department,R9,386.4,-7,33.686741,2026-01-27 07:00:00 GMT-7,-112.294167,,9,9,9,,ND,-999,0,,13,9,9,9,1,UG/M3,,,ND,-999,0,,9,9,9,,Zuni Hills,AZ,Active,1/27/2026 14:00,556339804,Permanent,-12500529.49,3986816.157
40137020,US,Salt River Pima-Maricopa Indian Community,R9,377,-7,33.4883,2026-01-27 07:00:00 GMT-7,-111.855003,,17,17,17,,ND,-999,0,,29,17,17,17,1,UG/M3,,,ND,-999,0,,17,17,17,Salt River Pima-Maricopa Indian Community,Senior Center,AZ,Active,1/27/2026 14:00,556339809,Permanent,-12451641.98,3960298.433
40137022,US,Salt River Pima-Maricopa Indian Community,R9,377.6,-7,33.474499,2026-01-27 07:00:00 GMT-7,-111.805099,34,31,31,31,31,31,31,1,PPB,9,6,6,6,1,UG/M3,,,ND,-999,0,,6,6,6,Salt River Pima-Maricopa Indian Community,LEHI,AZ,Active,1/27/2026 14:00,556339811,Permanent,-12446086.69,3958456.466
40137024,US,Salt River Pima-Maricopa Indian Community,R9,394.4,-7,33.507999,2026-01-27 07:00:00 GMT-7,-111.837799,30,25,25,25,25,25,25,1,PPB,12,10,10,10,1,UG/M3,,,ND,-999,0,,10,10,10,Salt River Pima-Maricopa Indian Community,High School,AZ,Active,1/27/2026 14:00,556339812,Permanent,-12449726.84,3962928.092
40139812,US,Maricopa County Air Quality Department,R9,316.9,-7,33.4265,2026-01-27 07:00:00 GMT-7,-112.1181,,96,96,96,,ND,-999,0,,207,96,96,96,1,UG/M3,32,82,82,82,1,UG/M3,96,96,96,Phoenix,Durango Complex,AZ,Active,1/27/2026 14:00,556339818,Permanent,-12480929.8,3952052.504
40139997,US,Arizona Department of Environmental Quality,R9,315.7,-7,33.503601,2026-01-27 07:00:00 GMT-7,-112.095001,,44,44,44,11,11,11,1,,22,19,19,19,1,UG/M3,9.4,44,44,44,1,UG/M3,44,44,44,Phoenix,Phoenix JLG Supersite,AZ,Active,1/27/2026 14:00,556339819,Permanent,-12478358.43,3962340.943
40151003,US,Arizona Department of Environmental Quality,R9,155.9,-7,35.166111,2026-01-27 07:00:00 GMT-7,-114.566111,,10,10,10,,ND,-999,0,,12,10,10,10,1,UG/M3,,,ND,-999,0,,10,10,10,,Bullhead City,AZ,Active,1/27/2026 14:00,556339820,Permanent,-12753441.14,4186477.941
40190001,US,Arizona Department of Environmental Quality,R9,515.1,-7,32.382034,2026-01-27 07:00:00 GMT-7,-112.857452,,15,15,15,,ND,-999,0,,19,15,15,15,1,UG/M3,,,ND,-999,0,,15,15,15,,Ajo,AZ,Active,1/27/2026 14:00,556339822,Permanent,-12563234.09,3813563.661
40190011,US,Pima County Department of Environmental Quality,R9,0,-7,32.322573,2026-01-27 07:00:00 GMT-7,-111.037709,,20,20,20,,ND,-999,0,,32,20,20,20,1,UG/M3,3,17,17,17,1,UG/M3,20,20,20,Tucson,Orange Grove,AZ,Active,1/27/2026 14:00,556339824,Permanent,-12360661.22,3805728.226
40190020,US,Arizona Department of Environmental Quality,R9,626.2,-7,32.414342,2026-01-27 07:00:00 GMT-7,-111.154544,,95,95,95,,ND,-999,0,,29,95,95,95,1,UG/M3,,,ND,-999,0,,95,95,95,Rillito,Rillito,AZ,Active,1/27/2026 14:00,556339825,Permanent,-12373667.24,3817823.188
40191001,US,Pima County Department of Environmental Quality,R9,0,-7,32.202148,2026-01-27 07:00:00 GMT-7,-110.967915,,10,10,10,,ND,-999,0,,13,10,10,10,1,UG/M3,,,ND,-999,0,,10,10,10,Tucson,South Tucson,AZ,Active,1/27/2026 14:00,556339827,Permanent,-12352891.79,3789875.042
40191030,US,Pima County Department of Environmental Quality,R9,0,-7,31.8794,2026-01-27 07:00:00 GMT-7,-110.9964,3,10,10,10,10,10,10,1,PPB,3,3,3,3,1,UG/M3,-1,0,0,0,1,UG/M3,3,3,3,,Green Valley,AZ,Active,1/27/2026 14:00,556339832,Permanent,-12356062.73,3747490.393
40191113,US,Pima County Department of Environmental Quality,R9,747.9,-7,32.25,2026-01-27 07:00:00 GMT-7,-110.9667,,36,36,36,,ND,-999,0,,33,20,20,20,1,UG/M3,8,36,36,36,1,UG/M3,36,36,36,Tucson,Geronimo,AZ,Active,1/27/2026 14:00,556339835,Permanent,-12352756.54,3796171.935
40210001,US,Pinal County Air Quality Control District,R9,0,-7,32.877583,2026-01-27 07:00:00 GMT-7,-111.752222,,12,12,12,,ND,-999,0,,16,12,12,12,1,UG/M3,,,ND,-999,1,,12,12,12,West Pinal,Casa Grande Downtown,AZ,Active,1/27/2026 14:00,556339848,Permanent,-12440200.45,3879066.404
40213002,US,Pinal County Air Quality Control District,R9,0,-7,33.42,2026-01-27 07:00:00 GMT-7,-111.5042,,22,22,22,,ND,-999,0,,8,6,6,6,1,UG/M3,4.4,22,22,22,1,UG/M3,22,22,22,Phoenix,Apache Junction,AZ,Active,1/27/2026 14:00,556339851,Permanent,-12412590.77,3951185.555
40213007,US,Pinal County Air Quality Control District,R9,0,-7,32.508308,2026-01-27 07:00:00 GMT-7,-111.30806,2,11,11,11,2,2,2,1,PPB,15,11,11,11,1,UG/M3,,,ND,-999,0,,11,11,11,,Pinal Air Park,AZ,Active,1/27/2026 14:00,556339853,Permanent,-12390756.56,3830220.463
40213008,US,Pinal County Air Quality Control District,R9,0,-7,32.881195,2026-01-27 07:00:00 GMT-7,-111.961998,,50,50,50,,ND,-999,0,,84,50,50,50,1,UG/M3,,,ND,-999,0,,50,50,50,West Pinal,Stanfield,AZ,Active,1/27/2026 14:00,556339854,Permanent,-12463552.61,3879545.183
40213009,US,Pinal County Air Quality Control District,R9,0,-7,33.2192,2026-01-27 07:00:00 GMT-7,-111.5608,,26,26,26,,ND,-999,0,,45,26,26,26,1,UG/M3,,,ND,-999,0,,26,26,26,Phoenix,COMBS,AZ,Active,1/27/2026 14:00,556339855,Permanent,-12418891.45,3924435.371
40213011,US,Pinal County Air Quality Control District,R9,0,-7,32.891056,2026-01-27 07:00:00 GMT-7,-111.570503,,10,10,10,,ND,-999,0,,16,10,10,10,1,UG/M3,,,ND,-999,0,,10,10,10,West Pinal,Pinal County Housing,AZ,Active,1/27/2026 14:00,556339857,Permanent,-12419971.58,3880852.381
40213014,US,Pinal County Air Quality Control District,R9,0,-7,32.757639,2026-01-27 07:00:00 GMT-7,-111.554861,,19,19,19,,ND,-999,0,,29,19,19,19,1,UG/M3,,,ND,-999,0,,19,19,19,West Pinal,Eloy,AZ,Active,1/27/2026 14:00,556339858,Permanent,-12418230.32,3863178.602
40213015,US,Pinal County Air Quality Control District,R9,0,-7,32.884761,2026-01-27 07:00:00 GMT-7,-112.03705,,35,35,35,,ND,-999,0,,17,13,13,13,1,UG/M3,6.8,35,35,35,1,UG/M3,35,35,35,,Hidden Valley,AZ,Active,1/27/2026 14:00,556339859,Permanent,-12471907.36,3880017.884
40213016,US,Pinal County Air Quality Control District,R9,0,-7,33.06115,2026-01-27 07:00:00 GMT-7,-112.05204,,18,18,18,,ND,-999,0,,18,18,18,18,1,UG/M3,,,ND,-999,0,,18,18,18,West Pinal,Maricopa,AZ,Active,1/27/2026 14:00,556339860,Permanent,-12473576.04,3903423.419
40230004,US,Arizona Department of Environmental Quality,R9,1176.7,-7,31.337204,2026-01-27 07:00:00 GMT-7,-110.936722,,66,66,66,,ND,-999,0,,62,40,40,40,1,UG/M3,21.8,66,66,66,1,UG/M3,66,66,66,Nogales,Nogales Post Office,AZ,Active,1/27/2026 14:00,556339869,Permanent,-12349419.4,3676619.369
40278011,US,Arizona Department of Environmental Quality,R9,59.8,-7,32.690277,2026-01-27 07:00:00 GMT-7,-114.614441,18,21,21,21,18,18,18,1,PPB,29,21,21,21,1,UG/M3,3.8,19,19,19,1,UG/M3,21,21,21,Yuma,Yuma Supersite,AZ,Active,1/27/2026 14:00,556339872,Permanent,-12758821.21,3854265.207
60070008,US,California Air Resources Board,R9,62.8,-8,39.76168,2026-01-27 06:00:00 GMT-8,-121.84047,1,61,61,61,3,3,3,1,PPB,15,18,18,18,1,UG/M3,13,61,61,61,1,UG/M3,61,61,61,Chico,Chico -  East,CA,Active,1/27/2026 14:00,556340034,Permanent,-13563219.08,4831370.463
60090001,US,California Air Resources Board,R9,300.1,-8,38.20185,2026-01-27 06:00:00 GMT-8,-120.680277,6,28,28,28,8,8,8,1,PPB,18,12,12,12,1,UG/M3,5,28,28,28,1,UG/M3,28,28,28,Calaveras County,San Andreas,CA,Active,1/27/2026 14:00,556340038,Permanent,-13434066.98,4607979.822
60111002,US,California Air Resources Board,R9,0,-8,39.18919,2026-01-27 06:00:00 GMT-8,-121.99887,7,55,55,55,9,9,9,1,PPB,15,13,13,13,1,UG/M3,11.4,55,55,55,1,UG/M3,55,55,55,,Colusa - Sunrise Blvd.,CA,Active,1/27/2026 14:00,556340040,Permanent,-13580852.09,4748807.762
60170011,US,California Air Resources Board,R9,1906.3,-8,38.94498,2026-01-27 06:00:00 GMT-8,-119.97061,,6,6,6,,ND,-999,0,,7,6,6,6,1,UG/M3,,,ND,-999,0,,6,6,6,South Lake Tahoe,South Lake Tahoe - Sandy Way,CA,Active,1/27/2026 14:00,556340048,Permanent,-13355067.22,4713793.491
60190007,US,San Joaquin Valley Unified APCD,R9,0,-8,36.7056,2026-01-27 06:00:00 GMT-8,-119.7414,2,12,12,12,1,1,1,1,PPB,11,12,12,12,1,UG/M3,,,ND,-999,0,,12,12,12,Fresno,Fresno - Drummond Street,CA,Active,1/27/2026 14:00,556340051,Permanent,-13329551.67,4398150.283
60190011,US,California Air Resources Board,R9,97,-8,36.78538,2026-01-27 06:00:00 GMT-8,-119.77321,0,65,65,65,0,0,0,1,PPB,15,17,17,17,1,UG/M3,15.4,65,65,65,1,UG/M3,65,65,65,Fresno,Fresno - Garland,CA,Active,1/27/2026 14:00,556340053,Permanent,-13333092.75,4409233.599
60195001,US,San Joaquin Valley Unified APCD,R9,0,-8,36.819199,2026-01-27 06:00:00 GMT-8,-119.7164,0,56,56,56,0,0,0,1,PPB,12,12,12,12,1,UG/M3,12.5,56,56,56,1,UG/M3,56,56,56,Fresno,Clovis - N. Villa Ave,CA,Active,1/27/2026 14:00,556340060,Permanent,-13326768.69,4413935.333
60210003,US,California Air Resources Board,R9,13.7,-8,39.53387,2026-01-27 06:00:00 GMT-8,-122.190834,2,25,25,25,4,4,4,1,PPB,14,10,10,10,1,UG/M3,4,25,25,25,1,UG/M3,25,25,25,Willows,Willows-Colusa,CA,Active,1/27/2026 14:00,556340062,Permanent,-13602221.42,4798434.953
60231004,US,North Coast Unified Air Quality Management District,R9,20.7,-8,40.776943,2026-01-27 06:00:00 GMT-8,-124.177498,,8,8,8,,ND,-999,0,,7,8,8,8,1,UG/M3,,,ND,-999,0,,8,8,8,Eureka,Jacobs,CA,Active,1/27/2026 14:00,556340063,Permanent,-13823375.85,4979496.271
60250005,US,California Air Resources Board,R9,0,-8,32.67618,2026-01-27 06:00:00 GMT-8,-115.48307,17,36,36,36,18,18,18,1,PPB,34,36,36,36,1,UG/M3,4.4,33,33,33,1,UG/M3,36,36,36,Imperial Valley|Calexico,Calexico - Ethel Street,CA,Active,1/27/2026 14:00,556340064,Permanent,-12855516.55,3852400.731
60250007,US,Imperial County Air Pollution Control District,R9,0,-8,32.978298,2026-01-27 06:00:00 GMT-8,-115.5383,,14,14,14,,ND,-999,0,,19,14,14,14,1,UG/M3,-1.4,0,0,0,1,UG/M3,14,14,14,Imperial Valley|Brawley,Brawley - 220 Main Street,CA,Active,1/27/2026 14:00,556340066,Permanent,-12861664.72,3892423.74
60251003,US,Imperial County Air Pollution Control District,R9,0,-8,32.7917,2026-01-27 06:00:00 GMT-8,-115.5617,26,25,25,25,25,25,25,1,PPB,12,9,9,9,1,UG/M3,-0.1,0,0,0,1,UG/M3,9,9,9,Imperial Valley|El Centro,El Centro - 9th Street,CA,Active,1/27/2026 14:00,556340067,Permanent,-12864269.6,3867688.148
60254003,US,Imperial County Air Pollution Control District,R9,0,-8,33.0325,2026-01-27 06:00:00 GMT-8,-115.6225,11,19,19,19,19,19,19,1,PPB,8,6,6,6,1,UG/M3,,,ND,-999,0,,6,6,6,Imperial Valley|Westmorland,Westmorland - 570 Cook St,CA,Active,1/27/2026 14:00,556340068,Permanent,-12871037.82,3899618.59
60254004,US,Imperial County Air Pollution Control District,R9,0,-8,33.2136,2026-01-27 06:00:00 GMT-8,-115.5444,17,15,15,15,15,15,15,1,PPB,12,8,8,8,1,UG/M3,,,ND,-999,1,,8,8,8,Imperial Valley|Niland,Niland - English Road,CA,Active,1/27/2026 14:00,556340069,Permanent,-12862343.77,3923690.232
60270002,US,Great Basin Unified Air Pollution Control District,R9,1232.5,-8,37.360701,2026-01-27 06:00:00 GMT-8,-118.330835,13,15,15,15,15,15,15,1,PPB,8,6,6,6,1,UG/M3,2.4,14,14,14,1,UG/M3,14,14,14,Bishop,NCORE - Bishop,CA,Active,1/27/2026 14:00,556340070,Permanent,-13172528.3,4489503.823
60270022,US,Great Basin Unified Air Pollution Control District,R9,0,-8,36.3261,2026-01-27 06:00:00 GMT-8,-117.9551,,6,6,6,,ND,-999,0,,7,6,6,6,1,UG/M3,,,ND,-999,0,,6,6,6,Owens Lake,Dirty Socks,CA,Active,1/27/2026 14:00,556340073,Permanent,-13130701.67,4345585.503
60270025,US,Great Basin Unified Air Pollution Control District,R9,0,-8,36.3663,2026-01-27 06:00:00 GMT-8,-117.8976,,6,6,6,,ND,-999,0,,7,6,6,6,1,UG/M3,,,ND,-999,0,,6,6,6,Owens Lake,Shell Cut,CA,Active,1/27/2026 14:00,556340074,Permanent,-13124300.8,4351141.453
60270026,US,Great Basin Unified Air Pollution Control District,R9,0,-8,36.3619,2026-01-27 06:00:00 GMT-8,-118.0108,,7,7,7,,ND,-999,0,,9,7,7,7,1,UG/M3,,,ND,-999,0,,7,7,7,Owens Lake,Bill Stanley,CA,Active,1/27/2026 14:00,556340075,Permanent,-13136902.16,4350533.199
60270028,US,Great Basin Unified Air Pollution Control District,R9,0,-8,36.5432,2026-01-27 06:00:00 GMT-8,-117.9418,,6,6,6,,ND,-999,0,,6,6,6,6,1,UG/M3,,,ND,-999,0,,6,6,6,Owens Lake,Lizard Tail,CA,Active,1/27/2026 14:00,556340076,Permanent,-13129221.12,4375624.592
60270029,US,Great Basin Unified Air Pollution Control District,R9,0,-8,36.542233,2026-01-27 06:00:00 GMT-8,-117.990055,,7,7,7,,ND,-999,0,,8,7,7,7,1,UG/M3,,,ND,-999,0,,7,7,7,Owens Lake,North Beach,CA,Active,1/27/2026 14:00,556340077,Permanent,-13134592.84,4375490.606
60270030,US,Great Basin Unified Air Pollution Control District,R9,0,-8,36.4581,2026-01-27 06:00:00 GMT-8,-117.8519,,6,6,6,,ND,-999,0,,7,6,6,6,1,UG/M3,,,ND,-999,0,,6,6,6,Owens Lake,Mill Site,CA,Active,1/27/2026 14:00,556340078,Permanent,-13119213.5,4363839.695
60271001,US,Great Basin Unified Air Pollution Control District,R9,0,-8,36.0494,2026-01-27 06:00:00 GMT-8,-117.9439,,6,6,6,,ND,-999,0,,6,6,6,6,1,UG/M3,,,ND,-999,0,,6,6,6,Coso Junction,Coso Junction,CA,Active,1/27/2026 14:00,556340080,Permanent,-13129454.89,4307420.867
60271003,US,Great Basin Unified Air Pollution Control District,R9,0,-8,36.4878,2026-01-27 06:00:00 GMT-8,-117.871,,7,7,7,,ND,-999,0,,7,6,6,6,1,UG/M3,0.3,7,7,7,1,UG/M3,7,7,7,Owens Lake,Keeler,CA,Active,1/27/2026 14:00,556340081,Permanent,-13121339.7,4367951.167
60290010,US,San Joaquin Valley Unified APCD,R9,0,-8,35.3853,2026-01-27 06:00:00 GMT-8,-119.014702,,86,86,86,,ND,-999,0,,30,30,30,30,1,UG/M3,24,86,86,86,1,UG/M3,86,86,86,Bakersfield,Bakersfield - Golden State Highway,CA,Active,1/27/2026 14:00,556340088,Permanent,-13248656.02,4216365.936
60290232,US,California Air Resources Board,R9,0,-8,35.438035,2026-01-27 06:00:00 GMT-8,-119.016787,0,31,31,31,2,2,2,1,PPB,32,31,31,31,1,UG/M3,,,ND,-999,0,,31,31,31,Bakersfield,Oildale - 3311 Manor Street,CA,Active,1/27/2026 14:00,556340091,Permanent,-13248888.12,4223568.836
60310004,US,San Joaquin Valley Unified APCD,R9,0,-8,36.102219,2026-01-27 06:00:00 GMT-8,-119.566002,,38,38,38,,ND,-999,0,,,6,6,6,1,,,38,38,38,1,,38,38,38,Hanford,Corcoran,CA,Active,1/27/2026 14:00,556340097,Permanent,-13310026.46,4314695.68
60311004,US,San Joaquin Valley Unified APCD,R9,0,-8,36.3144,2026-01-27 06:00:00 GMT-8,-119.6436,2,33,33,33,5,5,5,1,PPB,9,8,8,8,1,UG/M3,6,33,33,33,1,UG/M3,33,33,33,Hanford,Hanford - S. Irwin Street,CA,Active,1/27/2026 14:00,556340098,Permanent,-13318664.63,4343969.011
60370016,US,South Coast AQMD,R9,84.5,-8,34.1439,2026-01-27 06:00:00 GMT-8,-117.8508,34,31,31,31,31,31,31,1,PPB,8,8,8,8,1,UG/M3,6.9,31,31,31,1,UG/M3,31,31,31,E San Gabriel Vly,Glendora - Laurel,CA,Active,1/27/2026 14:00,556340100,Permanent,-13119091.05,4048140.686
60371103,US,South Coast AQMD,R9,30.5,-8,34.066429,2026-01-27 06:00:00 GMT-8,-118.226755,4,26,26,26,7,7,7,1,PPB,19,18,18,18,1,UG/M3,3.7,26,26,26,1,UG/M3,26,26,26,Central LA CO,Los Angeles - N. Main Street,CA,Active,1/27/2026 14:00,556340103,Permanent,-13160942.16,4037725.309
60392010,US,San Joaquin Valley Unified APCD,R9,0,-8,36.9533,2026-01-27 06:00:00 GMT-8,-120.0341,3,52,52,52,2,2,2,1,PPB,7,7,7,7,1,UG/M3,9,52,52,52,1,UG/M3,52,52,52,Madera,Madera-City,CA,Active,1/27/2026 14:00,556340119,Permanent,-13362134.89,4432599.407
60431001,US,California Air Resources Board,R9,0,-8,37.748707,2026-01-27 06:00:00 GMT-8,-119.587094,,,ND,-999,,ND,-999,0,,,,ND,-999,1,,,,ND,-999,1,,,ND,-999,Yosemite National Park,Yosemite Village - Visitor Center,CA,Active,1/27/2026 14:00,556340124,Permanent,-13312374.41,4543987.11
60450010,US,Mendocino County AQMD,R9,48.5,-8,39.43734,2026-01-27 06:00:00 GMT-8,-123.78766,,15,15,15,,ND,-999,0,,16,15,15,15,1,UG/M3,,,ND,-999,0,,15,15,15,Fort Bragg,Fort Bragg High School,CA,Active,1/27/2026 14:00,556340130,Permanent,-13779979.28,4784511.798
150030010,US,Hawaii State Dept. of Health,R9,18,-10,21.323601,2026-01-27 04:00:00 GMT-10,-158.088593,,30,30,30,,ND,-999,0,,31,30,30,30,1,UG/M3,0.5,3,3,3,1,UG/M3,30,30,30,Kapolei,Kapolei,HI,Active,1/27/2026 14:00,556340208,Permanent,-17598341.67,2430506.644
150031001,US,Hawaii State Dept. of Health,R9,0,-10,21.30758,2026-01-27 04:00:00 GMT-10,-157.85542,,26,26,26,,ND,-999,0,,11,9,9,9,1,UG/M3,5.1,26,26,26,1,UG/M3,26,26,26,Honolulu,Honolulu,HI,Active,1/27/2026 14:00,556340210,Permanent,-17572384.97,2428592.234
800260006,US,Arizona Department of Environmental Quality,R9,0,-7,31.291294,2026-01-27 07:00:00 GMT-7,-110.951508,5,39,39,39,13,13,13,1,PPB,23,17,17,17,1,UG/M3,8.3,39,39,39,1,UG/M3,39,39,39,,Nogales ITN,MX,Active,1/27/2026 14:00,556341106,Permanent,-12351065.37,3670637.277
8.4004E+11,US,Gila River Indian Community DEQ Air Quality Program,R9,0,-7,33.29015,2026-01-27 07:00:00 GMT-7,-112.15987,,14,14,14,,ND,-999,1,,18,14,14,14,1,UG/M3,,,ND,-999,0,,14,14,14,Gila River Indian Community,StJohns,AZ,Active,1/27/2026 14:00,556341126,Permanent,-12485579.62,3933880.155
8.4004E+11,US,Pima County Department of Environmental Quality,R9,0,-7,32.004567,2026-01-27 07:00:00 GMT-7,-110.792504,,3,3,3,,ND,-999,0,,4,3,3,3,1,UG/M3,,,ND,-999,0,,3,3,3,Tucson,Corona de Tucson,AZ,Active,1/27/2026 14:00,556341127,Permanent,-12333365.13,3763910.132
8.4004E+11,US,Gila River Indian Community DEQ Air Quality Program,R9,0,-7,33.08,2026-01-27 07:00:00 GMT-7,-111.73929,,7,7,7,,ND,-999,1,,8,7,7,7,1,UG/M3,,,ND,-999,0,,7,7,7,Gila River Indian Community,Sacaton,AZ,Active,1/27/2026 14:00,556341129,Permanent,-12438760.86,3905927.446
8.4004E+11,US,Gila River Indian Community DEQ Air Quality Program,R9,0,-7,33.11753,2026-01-27 07:00:00 GMT-7,-111.88491,,23,23,23,,ND,-999,0,,24,23,23,23,1,UG/M3,,,ND,-999,0,,23,23,23,Gila River Indian Community,CasaBlanca,AZ,Active,1/27/2026 14:00,556341130,Permanent,-12454971.21,3910914.516
8.4006E+11,US,Great Basin Unified Air Pollution Control District,R9,0,-8,36.280596,2026-01-27 06:00:00 GMT-8,-118.011661,,7,7,7,,ND,-999,0,,7,7,7,7,1,UG/M3,,,ND,-999,0,,7,7,7,Olancha,Olancha,CA,Active,1/27/2026 14:00,556341138,Permanent,-13136998.01,4339299.956
8.4006E+11,US,Great Basin Unified Air Pollution Control District,R9,0,-8,36.607215,2026-01-27 06:00:00 GMT-8,-118.05473,,6,6,6,,ND,-999,0,,8,6,6,6,1,UG/M3,,,ND,-999,0,,6,6,6,Lone Pine,Lone Pine,CA,Active,1/27/2026 14:00,556341139,Permanent,-13141792.43,4384498.127
8.4006E+11,US,California Air Resources Board,R9,0,-8,35.04944,2026-01-27 06:00:00 GMT-8,-118.18893,15,20,20,20,13,13,13,1,PPB,6,6,6,6,1,UG/M3,3.1,20,20,20,1,UG/M3,20,20,20,Mojave,Mojave - Pat Ave,CA,Active,1/27/2026 14:00,556341142,Permanent,-13156731.51,4170601.874
8.4006E+11,US,South Coast AQMD,R9,7.9,-8,33.793713,2026-01-27 06:00:00 GMT-8,-118.171019,2,58,58,58,6,6,6,1,PPB,35,27,27,27,1,UG/M3,10.8,58,58,58,1,UG/M3,58,58,58,South Coastal LA,Long Beach Signal Hill,CA,Active,1/27/2026 14:00,556341147,Permanent,-13154737.66,4001136.242
8.4006E+11,US,Antelope Valley AQMD,R9,0,-8,34.7254,2026-01-27 06:00:00 GMT-8,-118.1786,9,9,9,9,9,9,9,1,PPB,7,6,6,6,1,UG/M3,2,9,9,9,1,UG/M3,9,9,9,Antelope Vly,Lancaster-Fairgrounds,CA,Active,1/27/2026 14:00,556341149,Permanent,-13155581.57,4126626.434
8.4006E+11,US,San Joaquin Valley Unified APCD,R9,0,-8,37.30833,2026-01-27 06:00:00 GMT-8,-120.480361,,49,49,49,,ND,-999,0,,10,11,11,11,1,UG/M3,5.2,49,49,49,1,UG/M3,49,49,49,Merced,Merced-M St,CA,Active,1/27/2026 14:00,556341153,Permanent,-13411812.44,4482171.597
8.40061E+11,US,South Coast AQMD,R9,-7.9,-8,33.72537,2026-01-27 06:00:00 GMT-8,-116.20684,12,32,32,32,7,7,7,1,PPB,14,12,12,12,1,UG/M3,5.8,32,32,32,1,UG/M3,32,32,32,Coachella Vly,Indio Amistad High School,CA,Active,1/27/2026 14:00,556341158,Permanent,-12936086.26,3991985.269
8.40061E+11,US,San Diego APCD,R9,219,-8,32.985442,2026-01-27 06:00:00 GMT-8,-117.08218,,19,19,19,,ND,-999,0,,11,11,11,11,1,UG/M3,3.2,19,19,19,1,UG/M3,19,19,19,San Diego Mesa and Inland Valley,San Diego - Rancho Carmel Drive,CA,Active,1/27/2026 14:00,556341161,Permanent,-13033528.66,3893371.792
8.40061E+11,US,San Diego APCD,R9,33.9,-8,32.710177,2026-01-27 06:00:00 GMT-8,-117.142665,20,25,25,25,25,25,25,1,PPB,9,7,7,7,1,UG/M3,3.5,18,18,18,1,UG/M3,18,18,18,San Diego Coast,San Diego - Sherman Elementary School,CA,Active,1/27/2026 14:00,556341163,Permanent,-13040261.82,3856897.691
8.40061E+11,US,Manzanita Band of the Kumeyaay Nation,R9,0,-8,32.7504,2026-01-27 06:00:00 GMT-8,-116.3315,,,ND,-999,,ND,-999,0,,,,ND,-999,1,,,,ND,-999,0,,,ND,-999,San Diego Foothills,Manzanita Tribe 2,CA,Active,1/27/2026 14:00,556341164,Permanent,-12949963.34,3862220.409
8.40061E+11,US,California Air Resources Board,R9,9.8,-8,37.961578,2026-01-27 06:00:00 GMT-8,-121.281414,3,78,78,78,2,2,2,1,PPB,38,33,33,33,1,UG/M3,27,78,78,78,1,UG/M3,78,78,78,Stockton,Stockton - University Park,CA,Active,1/27/2026 14:00,556341166,Permanent,-13500985.25,4573999.494
8.40061E+11,US,San Luis Obispo County APCD,R9,0,-8,35.259473,2026-01-27 06:00:00 GMT-8,-120.644493,,36,36,36,,ND,-999,0,,11,8,8,8,1,UG/M3,4,36,36,36,1,UG/M3,36,36,36,San Luis Obispo,SLO Roberto,CA,Active,1/27/2026 14:00,556341167,Permanent,-13430083.53,4199198.635
8.40061E+11,US,San Luis Obispo County APCD,R9,40,-8,35.009375,2026-01-27 06:00:00 GMT-8,-120.601687,,7,7,7,,ND,-999,0,,,7,7,7,1,,,,ND,-999,0,,7,7,7,Nipomo,Oso Flaco,CA,Active,1/27/2026 14:00,556341169,Permanent,-13425318.39,4165155.242
8.40061E+11,US,Santa Barbara County Air Pollution Control District,R9,100,-8,34.890667,2026-01-27 06:00:00 GMT-8,-120.432844,12,24,24,24,14,14,14,1,PPB,6,5,5,5,1,UG/M3,4,24,24,24,1,UG/M3,24,24,24,Santa Maria,Santa Maria,CA,Active,1/27/2026 14:00,556341170,Permanent,-13406522.87,4149033.134
8.4032E+11,US,Northern Nevada Public Health Air Quality Management Division,R9,0,-8,39.521918,2026-01-27 06:00:00 GMT-8,-119.795444,1,37,37,37,5,5,5,1,PPB,26,19,19,19,1,UG/M3,7,37,37,37,1,UG/M3,37,37,37,Reno-Sparks,Reno4,NV,Active,1/27/2026 14:00,556341311,Permanent,-13335567.83,4796709.989
320030024,US,Clark County Department of Environment and Sustainability ,R9,0,-8,36.815897,2026-01-27 06:00:00 GMT-8,-114.050347,12,14,14,14,14,14,14,1,PPB,10,8,8,8,1,UG/M3,2.7,14,14,14,1,UG/M3,14,14,14,,Virgin Valley,NV,Active,1/27/2026 14:00,556341954,Permanent,-12696026.55,4413476.177
320030043,US,Clark County Department of Environment and Sustainability ,R9,736.6,-8,36.106389,2026-01-27 06:00:00 GMT-8,-115.253333,1,17,17,17,6,6,6,1,PPB,12,9,9,9,1,UG/M3,3.2,17,17,17,1,UG/M3,17,17,17,Las Vegas,Paul Meyer,NV,Active,1/27/2026 14:00,556341955,Permanent,-12829942.34,4315270.226
320030044,US,Clark County Department of Environment and Sustainability ,R9,0,-8,36.0075,2026-01-27 06:00:00 GMT-8,-115.263056,26,25,25,25,25,25,25,1,PPB,7,7,7,7,1,UG/M3,2.9,17,17,17,1,UG/M3,17,17,17,Las Vegas,Mountains Edge,NV,Active,1/27/2026 14:00,556341956,Permanent,-12831024.7,4301653.41
320030071,US,Clark County Department of Environment and Sustainability ,R9,771.7,-8,36.169756,2026-01-27 06:00:00 GMT-8,-115.263038,18,21,21,21,21,21,21,1,PPB,7,6,6,6,1,UG/M3,2.9,15,15,15,1,UG/M3,15,15,15,Las Vegas,Walter Johnson,NV,Active,1/27/2026 14:00,556341957,Permanent,-12831022.7,4324004.747
320030073,US,Clark County Department of Environment and Sustainability ,R9,932.7,-8,36.173415,2026-01-27 06:00:00 GMT-8,-115.332728,22,25,25,25,25,25,25,1,PPB,18,11,11,11,1,UG/M3,2.9,14,14,14,1,UG/M3,14,14,14,Las Vegas,Palo Verde,NV,Active,1/27/2026 14:00,556341958,Permanent,-12838780.55,4324509.32
320030075,US,Clark County Department of Environment and Sustainability ,R9,709.7,-8,36.270592,2026-01-27 06:00:00 GMT-8,-115.238282,28,25,25,25,25,25,25,1,PPB,12,10,10,10,1,UG/M3,2.8,14,14,14,1,UG/M3,14,14,14,Las Vegas,Joe Neal,NV,Active,1/27/2026 14:00,556341959,Permanent,-12828266.87,4337918.578
320030298,US,Clark County Department of Environment and Sustainability ,R9,562.4,-8,36.048705,2026-01-27 06:00:00 GMT-8,-115.052942,0,24,24,24,0,0,0,1,PPB,13,11,11,11,1,UG/M3,4.9,24,24,24,1,UG/M3,24,24,24,Las Vegas,GreenValley,NV,Active,1/27/2026 14:00,556341960,Permanent,-12807634.92,4307325.176
320030299,US,Clark County Department of Environment and Sustainability ,R9,0,-8,35.987908,2026-01-27 06:00:00 GMT-8,-115.14885,23,22,22,22,19,19,19,1,PPB,14,14,14,14,1,UG/M3,3.8,22,22,22,1,UG/M3,22,22,22,Las Vegas,Liberty High School,NV,Active,1/27/2026 14:00,556341961,Permanent,-12818311.35,4298957.659
320030540,US,Clark County Department of Environment and Sustainability ,R9,538.3,-8,36.141875,2026-01-27 06:00:00 GMT-8,-115.078742,1,74,74,74,1,1,1,1,PPB,51,51,51,51,1,UG/M3,17,74,74,74,1,UG/M3,74,74,74,Las Vegas,Jerome Mack,NV,Active,1/27/2026 14:00,556341962,Permanent,-12810506.96,4320160.755
320030561,US,Clark County Department of Environment and Sustainability ,R9,564.3,-8,36.163962,2026-01-27 06:00:00 GMT-8,-115.11393,,83,83,83,,ND,-999,0,,61,54,54,54,1,UG/M3,27.7,83,83,83,1,UG/M3,83,83,83,Las Vegas,Sunrise Acres,NV,Active,1/27/2026 14:00,556341963,Permanent,-12814424.07,4323205.807
320030602,US,Clark County Department of Environment and Sustainability ,R9,713.4,-8,35.969848,2026-01-27 06:00:00 GMT-8,-114.835007,22,27,27,27,21,21,21,1,PPB,16,13,13,13,1,UG/M3,5.8,27,27,27,1,UG/M3,27,27,27,Boulder City,Garrett Jr. High,NV,Active,1/27/2026 14:00,556341964,Permanent,-12783374.5,4296473.296
320031019,US,Clark County Department of Environment and Sustainability ,R9,925.1,-8,35.785665,2026-01-27 06:00:00 GMT-8,-115.357087,27,27,27,27,27,27,27,1,PPB,9,7,7,7,1,UG/M3,2.5,13,13,13,1,UG/M3,13,13,13,Jean,Jean,NV,Active,1/27/2026 14:00,556341965,Permanent,-12841492.18,4271169.144
320031502,US,Clark County Department of Environment and Sustainability ,R9,613.4,-8,36.174365,2026-01-27 06:00:00 GMT-8,-115.13977,,,ND,-999,,ND,-999,0,,,,ND,-999,1,,,,ND,-999,1,,,ND,-999,Las Vegas,Casino Center,NV,Active,1/27/2026 14:00,556341967,Permanent,-12817300.57,4324640.328
320032003,US,Clark County Department of Environment and Sustainability ,R9,0,-8,36.214465,2026-01-27 06:00:00 GMT-8,-115.091437,2,28,28,28,0,0,0,1,PPB,21,19,19,19,1,UG/M3,5.2,28,28,28,1,UG/M3,28,28,28,Las Vegas,Walnut Rec.,NV,Active,1/27/2026 14:00,556341968,Permanent,-12811920.16,4330171.694
320070005,US,Nevada Division of Environmental Protection,R9,1560.1,-8,40.838329,2026-01-27 06:00:00 GMT-8,-115.766003,,25,25,25,,ND,-999,0,,28,25,25,25,1,UG/M3,,,ND,-999,0,,25,25,25,Elko,Elko,NV,Active,1/27/2026 14:00,556341974,Permanent,-12887012.51,4988524.395
320230011,US,Nevada Division of Environmental Protection,R9,0,-8,36.349378,2026-01-27 06:00:00 GMT-8,-116.03197,,6,6,6,,ND,-999,0,,7,6,6,6,1,UG/M3,,,ND,-999,0,,6,6,6,Pahrump,Linda,NV,Active,1/27/2026 14:00,556341978,Permanent,-12916619.82,4348802.352
320230013,US,Nevada Division of Environmental Protection,R9,0,-8,36.159639,2026-01-27 06:00:00 GMT-8,-115.996263,,19,19,19,,ND,-999,0,,24,19,19,19,1,UG/M3,,,ND,-999,0,,19,19,19,Pahrump,Church,NV,Active,1/27/2026 14:00,556341979,Permanent,-12912644.93,4322609.744
320230014,US,Nevada Division of Environmental Protection,R9,0,-8,36.212787,2026-01-27 06:00:00 GMT-8,-115.994802,,14,14,14,,ND,-999,0,,16,14,14,14,1,UG/M3,,,ND,-999,0,,14,14,14,Pahrump,Manse,NV,Active,1/27/2026 14:00,556341980,Permanent,-12912482.29,4329940.175
320230015,US,Nevada Division of Environmental Protection,R9,0,-8,36.193469,2026-01-27 06:00:00 GMT-8,-116.007584,,19,19,19,,ND,-999,0,,25,19,19,19,1,UG/M3,,,ND,-999,0,,19,19,19,Pahrump,Glen Oaks,NV,Active,1/27/2026 14:00,556341981,Permanent,-12913905.18,4327275.167
320310025,US,Northern Nevada Public Health Air Quality Management Division,R9,0,-8,39.399841,2026-01-27 06:00:00 GMT-8,-119.739606,6,27,27,27,10,10,10,1,PPB,26,16,16,16,1,UG/M3,5,27,27,27,1,UG/M3,27,27,27,Reno-Sparks,Toll,NV,Active,1/27/2026 14:00,556341984,Permanent,-13329351.97,4779108.276
320311005,US,Northern Nevada Public Health Air Quality Management Division,R9,0,-8,39.54092,2026-01-27 06:00:00 GMT-8,-119.746764,1,66,66,66,1,1,1,1,PPB,55,45,45,45,1,UG/M3,19,66,66,66,1,UG/M3,66,66,66,Reno-Sparks,Sparks,NV,Active,1/27/2026 14:00,556341986,Permanent,-13330148.79,4799452.579
320311007,US,Northern Nevada Public Health Air Quality Management Division,R9,1368.8,-8,39.621462,2026-01-27 06:00:00 GMT-8,-119.718738,1,52,52,52,3,3,3,1,PPB,20,20,20,20,1,UG/M3,11,52,52,52,1,UG/M3,52,52,52,Reno-Sparks,Spanish Springs,NV,Active,1/27/2026 14:00,556341987,Permanent,-13327028.95,4811085.685
840TT5821016,US,Morongo Band of Mission Indians,R9,692.7,-8,33.9446,2026-01-27 06:00:00 GMT-8,-116.8303,38,33,33,33,33,33,33,1,PPB,3,3,3,3,1,UG/M3,-1.2,0,0,0,1,UG/M3,3,3,3,Banning,Morongo School,,Active,1/27/2026 14:00,556342305,Permanent,-13005489.51,4021365.583
840TT5950010,US,Torres Martinez Desert Cahuilla Indians,R9,0,-8,33.37911,2026-01-27 06:00:00 GMT-8,-116.016056,,77,77,77,,ND,-999,0,,76,60,60,60,1,UG/M3,24.9,77,77,77,1,UG/M3,77,77,77,,Salton Sea Beach,,Active,1/27/2026 14:00,556342306,Permanent,-12914848.28,3945733.267
840TT5951999,US,Torres Martinez Desert Cahuilla Indians,R9,0,-8,33.561122,2026-01-27 06:00:00 GMT-8,-116.153561,,17,17,17,,ND,-999,0,,21,17,17,17,1,UG/M3,,,ND,-999,1,,17,17,17,Coachella Vly,Torres Martinez Administration,,Active,1/27/2026 14:00,556342307,Permanent,-12930155.26,3970022.575
840TT5980500,US,Twenty-Nine Palms Band of Mission Indians,R9,0,-8,33.71969,2026-01-27 06:00:00 GMT-8,-116.1897,12,22,22,22,10,10,10,1,PPB,13,12,12,12,1,UG/M3,3.9,22,22,22,1,UG/M3,22,22,22,Coachella Vly,29 Palms,,Active,1/27/2026 14:00,556342308,Permanent,-12934178.24,3991225.058
840MMAZ10001,US,Arizona Department of Environmental Quality,R9,0,-7,34.5478,2026-01-27 07:00:00 GMT-7,-111.8478,,6,6,6,,ND,-999,0,,,,ND,-999,0,,,6,6,6,1,,6,6,6,,840MMAZ10001,MM,Active,1/27/2026 14:00,556342451,Temporary,-12450840.14,4102597.515
840MMAZ10002,US,Arizona Department of Environmental Quality,R9,0,-7,35.2061,2026-01-27 07:00:00 GMT-7,-111.6528,,26,26,26,,ND,-999,0,,,,ND,-999,0,,,26,26,26,1,,26,26,26,,840MMAZ10002,MM,Active,1/27/2026 14:00,556342452,Temporary,-12429132.84,4191924.703
840MMAZ10003,US,Arizona Department of Environmental Quality,R9,0,-7,34.2289,2026-01-27 07:00:00 GMT-7,-111.3297,,58,58,58,,ND,-999,0,,,,ND,-999,0,,,58,58,58,1,,58,58,58,,840MMAZ10003,MM,Active,1/27/2026 14:00,556342453,Temporary,-12393165.51,4059579.272
840MMAZ10004,US,Arizona Department of Environmental Quality,R9,0,-7,34.6119,2026-01-27 07:00:00 GMT-7,-112.4633,,0,0,0,,ND,-999,0,,,,ND,-999,0,,,0,0,0,1,,0,0,0,,840MMAZ10004,MM,Active,1/27/2026 14:00,556342454,Temporary,-12519357.29,4111264.184
840MMAZ10005,US,Arizona Department of Environmental Quality,R9,0,-7,34.8628,2026-01-27 07:00:00 GMT-7,-111.7633,,,ND,-999,,ND,-999,0,,,,ND,-999,0,,,,ND,-999,1,,,ND,-999,,840MMAZ10005,MM,Active,1/27/2026 14:00,556342455,Temporary,-12441433.65,4145251.808
840MMAZ10006,US,Arizona Department of Environmental Quality,R9,0,-7,34.2517,2026-01-27 07:00:00 GMT-7,-110.0444,,5,5,5,,ND,-999,0,,,,ND,-999,0,,,5,5,5,1,,5,5,5,,840MMAZ10006,MM,Active,1/27/2026 14:00,556342456,Temporary,-12250086.57,4062649.467
840MMCA82005,US,California Air Resources Board,R9,0,-8,40.6803,2026-01-27 06:00:00 GMT-8,-122.37198,,17,17,17,,ND,-999,0,,,,ND,-999,0,,3.9,17,17,17,1,UG/M3,17,17,17,,MMCA82005,MM,Active,1/27/2026 14:00,556342457,Temporary,-13622386.5,4965299.739
840MMCA82017,US,California Air Resources Board,R9,0,-8,41.4579,2026-01-27 06:00:00 GMT-8,-122.90014,,82,82,82,,ND,-999,0,,,,ND,-999,0,,20.1,82,82,82,1,UG/M3,82,82,82,,MMCA82017,MM,Active,1/27/2026 14:00,556342458,Temporary,-13681181,5080118.235
840MMCA82024,US,California Air Resources Board,R9,0,-8,39.63483,2026-01-27 06:00:00 GMT-8,-123.4533,,7,7,7,,ND,-999,0,,,,ND,-999,0,,2.1,7,7,7,1,UG/M3,7,7,7,,MMCA82024,MM,Active,1/27/2026 14:00,556342459,Temporary,-13742758.49,4813017.805
840MMCA82046,US,California Air Resources Board,R9,0,-8,37.53988,2026-01-27 06:00:00 GMT-8,-119.658,,3,3,3,,ND,-999,0,,,,ND,-999,0,,0.6,3,3,3,1,UG/M3,3,3,3,,,MM,Active,1/27/2026 14:00,556342460,Temporary,-13320267.63,4514628.656
840MMCA82052,US,California Air Resources Board,R9,0,-8,37.48837,2026-01-27 06:00:00 GMT-8,-119.96778,,8,8,8,,ND,-999,0,,,,ND,-999,0,,1.8,8,8,8,1,UG/M3,8,8,8,,MMCA82052,MM,Active,1/27/2026 14:00,556342461,Temporary,-13354752.18,4507399.655
840MMCA82064,US,California Air Resources Board,R9,0,-8,41.04718,2026-01-27 06:00:00 GMT-8,-123.67511,,69,69,69,,ND,-999,0,,,,ND,-999,0,,21.4,69,69,69,1,UG/M3,69,69,69,,MMCA82064,MM,Active,1/27/2026 14:00,556342462,Temporary,-13767450.27,5019303.196
840MMEKD0001,US,Eastern Kern Air Pollution Control District,R9,0,-8,35.76887,2026-01-27 06:00:00 GMT-8,-118.43008,,0,0,0,,ND,-999,0,,,,ND,-999,0,,-0.7,0,0,0,1,UG/M3,0,0,0,,Kernville,MM,Active,1/27/2026 14:00,556342463,Temporary,-13183576.2,4268864.669
840MMGBU3000,US,Great Basin Unified Air Pollution Control District,R9,0,-8,37.64568,2026-01-27 06:00:00 GMT-8,-118.96664,,61,61,61,,ND,-999,0,,,,ND,-999,0,,14,61,61,61,1,UG/M3,61,61,61,,PM2.5 Mammoth Lakes EBAM,MM,Active,1/27/2026 14:00,556342467,Temporary,-13243305.79,4529492.492
840MMHI11014,US,Hawaii State Dept. of Health,R9,0,-10,20.88671,2026-01-27 04:00:00 GMT-10,-156.65998,,,ND,-999,,ND,-999,0,,,,ND,-999,0,,,,ND,-999,1,,,ND,-999,,Lahainaluna HS,MM,Active,1/27/2026 14:00,556342468,Temporary,-17439309.2,2378375.081
840MMSC00014,US,South Coast AQMD,R9,0,-8,34.01027,2026-01-27 06:00:00 GMT-8,-118.06861,,52,52,52,,ND,-999,0,,,,ND,-999,0,,4,52,52,52,1,UG/M3,52,52,52,,EBAM-14,MM,Active,1/27/2026 14:00,556342477,Temporary,-13143337.54,4030181.12
MMCA81025,US,California Air Resources Board,R9,0,-8,41.60523,2026-01-27 06:00:00 GMT-8,-122.84824,,60,60,60,,ND,-999,0,,,,ND,-999,0,,13,60,60,60,1,UG/M3,60,60,60,,MMCA81025,MM,Active,1/27/2026 14:00,556342478,Temporary,-13675403.52,5102027.023
MMCA81035,US,California Air Resources Board,R9,0,-8,41.2231,2026-01-27 06:00:00 GMT-8,-122.2761,,24,24,24,,ND,-999,0,,,,ND,-999,0,,5,24,24,24,1,UG/M3,24,24,24,,MMCA81035,MM,Active,1/27/2026 14:00,556342479,Temporary,-13611713.19,5045304.765
840MMSC00004,US,South Coast AQMD,R9,0,-8,33.85966,2026-01-27 06:00:00 GMT-8,-118.2007,,28,28,28,,ND,-999,0,,34,28,28,28,1,UG/M3,,,ND,-999,0,,28,28,28,,EBAM-4,MM,Active,1/27/2026 14:00,556342472,Temporary,-13158041.74,4009973.324
840MMSC00009,US,South Coast AQMD,R9,0,-8,33.85273,2026-01-27 06:00:00 GMT-8,-116.48087,,19,19,19,,ND,-999,0,,32,19,19,19,1,UG/M3,,,ND,-999,0,,19,19,19,,EBAM-9,MM,Active,1/27/2026 14:00,556342474,Temporary,-12966591.14,4009044.364
840MMSC00011,US,South Coast AQMD,R9,0,-8,33.90144,2026-01-27 06:00:00 GMT-8,-118.20502,,19,19,19,,ND,-999,0,,16,19,19,19,1,UG/M3,,,ND,-999,0,,19,19,19,,EBAM 11,MM,Active,1/27/2026 14:00,556342475,Temporary,-13158522.64,4015575.491
60452002,US,Mendocino County AQMD,R9,427,-8,39.411761,2026-01-27 06:00:00 GMT-8,-123.3526,,,ND,-999,,ND,-999,0,,,,ND,-999,0,,,,ND,-999,1,,,ND,-999,,Willits Justice Building,CA,Inactive,1/27/2026 14:00,556338931,Permanent,-13731548.62,4780825.606
60470003,US,San Joaquin Valley Unified APCD,R9,0,-8,37.2817,2026-01-27 06:00:00 GMT-8,-120.433601,,,ND,-999,,ND,-999,1,,,,ND,-999,0,,,,ND,-999,1,,,ND,-999,,Merced - S. Coffee Ave,CA,Inactive,1/27/2026 14:00,556338932,Permanent,-13406607.14,4478445.211
60539973,US,Monterey Bay Unified APCD,R9,0,-8,36.511942,2026-01-27 06:00:00 GMT-8,-121.442794,,,ND,-999,,ND,-999,0,,,,ND,-999,0,,,,ND,-999,1,,,ND,-999,,Gonzales,CA,Inactive,1/27/2026 14:00,556338939,Permanent,-13518949.99,4371294.387
60539974,US,Monterey Bay Unified APCD,R9,0,-8,36.427975,2026-01-27 06:00:00 GMT-8,-121.327819,,,ND,-999,,ND,-999,0,,,,ND,-999,0,,,,ND,-999,1,,,ND,-999,,Soledad,CA,Inactive,1/27/2026 14:00,556338940,Permanent,-13506151.03,4359670.997
60539975,US,Monterey Bay Unified APCD,R9,0,-8,36.326972,2026-01-27 06:00:00 GMT-8,-121.245819,,,ND,-999,,ND,-999,0,,,,ND,-999,0,,,,ND,-999,1,,,ND,-999,,Greenfield,CA,Inactive,1/27/2026 14:00,556338941,Permanent,-13497022.83,4345705.989
60539977,US,Monterey Bay Unified APCD,R9,0,-8,36.542105,2026-01-27 06:00:00 GMT-8,-121.92295,,,ND,-999,,ND,-999,0,,,,ND,-999,0,,,,ND,-999,1,,,ND,-999,,Carmel River School,CA,Inactive,1/27/2026 14:00,556338942,Permanent,-13572400.71,4375472.87
60539981,US,Monterey Bay Unified APCD,R9,0,-8,36.636753,2026-01-27 06:00:00 GMT-8,-121.807495,,,ND,-999,,ND,-999,0,,,,ND,-999,0,,,,ND,-999,1,,,ND,-999,,Marshall Park Elementary,CA,Inactive,1/27/2026 14:00,556338943,Permanent,-13559548.32,4388595.064
60539982,US,Monterey Bay Unified APCD,R9,0,-8,36.620125,2026-01-27 06:00:00 GMT-8,-121.816645,,,ND,-999,,ND,-999,0,,,,ND,-999,0,,,,ND,-999,1,,,ND,-999,,MPWMD,CA,Inactive,1/27/2026 14:00,556338944,Permanent,-13560566.89,4386288.558
60539983,US,Monterey Bay Unified APCD,R9,0,-8,36.606912,2026-01-27 06:00:00 GMT-8,-121.898879,,,ND,-999,,ND,-999,0,,,,ND,-999,0,,,,ND,-999,1,,,ND,-999,,Presidio of Monterey,CA,Inactive,1/27/2026 14:00,556338945,Permanent,-13569721.14,4384456.109
60539984,US,Monterey Bay Unified APCD,R9,0,-8,36.598671,2026-01-27 06:00:00 GMT-8,-121.838383,,,ND,-999,,ND,-999,0,,,,ND,-999,0,,,,ND,-999,1,,,ND,-999,,Del Rey Woods,CA,Inactive,1/27/2026 14:00,556338946,Permanent,-13562986.75,4383313.362
60539985,US,Monterey Bay Unified APCD,R9,0,-8,36.577939,2026-01-27 06:00:00 GMT-8,-121.715517,,,ND,-999,,ND,-999,0,,,,ND,-999,0,,,,ND,-999,1,,,ND,-999,,Ingham,CA,Inactive,1/27/2026 14:00,556338947,Permanent,-13549309.37,4380439.077
60539986,US,Monterey Bay Unified APCD,R9,0,-8,36.596824,2026-01-27 06:00:00 GMT-8,-121.706649,,,ND,-999,,ND,-999,0,,,,ND,-999,0,,,,ND,-999,1,,,ND,-999,,Toro Park,CA,Inactive,1/27/2026 14:00,556338948,Permanent,-13548322.19,4383057.263
60539987,US,Monterey Bay Unified APCD,R9,0,-8,36.625659,2026-01-27 06:00:00 GMT-8,-121.643246,,,ND,-999,,ND,-999,0,,,,ND,-999,0,,,,ND,-999,1,,,ND,-999,,Spreckles School,CA,Inactive,1/27/2026 14:00,556338949,Permanent,-13541264.2,4387056.136
60539995,US,Monterey Bay Unified APCD,R9,61,-8,36.609014,2026-01-27 06:00:00 GMT-8,-121.829122,,,ND,-999,,ND,-999,0,,,,ND,-999,0,,,,ND,-999,1,,,ND,-999,,Seaside Fire Station,CA,Inactive,1/27/2026 14:00,556338950,Permanent,-13561955.82,4384747.604
60539996,US,Monterey Bay Unified APCD,R9,23.5,-8,36.617972,2026-01-27 06:00:00 GMT-8,-121.6879,,,ND,-999,,ND,-999,0,,,,ND,-999,0,,,,ND,-999,1,,,ND,-999,,Toro Fire Station,CA,Inactive,1/27/2026 14:00,556338951,Permanent,-13546235.06,4385989.947
60539997,US,Monterey Bay Unified APCD,R9,72.6,-8,36.613169,2026-01-27 06:00:00 GMT-8,-121.827594,,,ND,-999,,ND,-999,0,,,,ND,-999,0,,,,ND,-999,1,,,ND,-999,,Manzanita,CA,Inactive,1/27/2026 14:00,556338952,Permanent,-13561785.73,4385323.824
60539998,US,Monterey Bay Unified APCD,R9,147.6,-8,36.572725,2026-01-27 06:00:00 GMT-8,-121.804919,,,ND,-999,,ND,-999,0,,,,ND,-999,0,,,,ND,-999,1,,,ND,-999,,MBARD Office - Monterey,CA,Inactive,1/27/2026 14:00,556338953,Permanent,-13559261.56,4379716.33
60539999,US,Monterey Bay Unified APCD,R9,130.8,-8,36.569272,2026-01-27 06:00:00 GMT-8,-121.755291,,,ND,-999,,ND,-999,0,,,,ND,-999,0,,,,ND,-999,1,,,ND,-999,,Laureles Fire Station,CA,Inactive,1/27/2026 14:00,556338954,Permanent,-13553737,4379237.713
60550003,US,Bay Area Air District,R9,4,-8,38.3108,2026-01-27 06:00:00 GMT-8,-122.295,,,ND,-999,,ND,-999,1,,,,ND,-999,0,,,,ND,-999,1,,,ND,-999,,Napa - Jefferson St,CA,Inactive,1/27/2026 14:00,556338955,Permanent,-13613817.13,4623424.947
60550004,US,Bay Area Air District,R9,10.1,-8,38.278849,2026-01-27 06:00:00 GMT-8,-122.275024,,,ND,-999,,ND,-999,1,,,,ND,-999,0,,,,ND,-999,1,,,ND,-999,,Napa - Napa Valley College,CA,Inactive,1/27/2026 14:00,556338956,Permanent,-13611593.41,4618893.063
60570007,US,California Air Resources Board,R9,1335.6,-8,39.31779,2026-01-27 06:00:00 GMT-8,-120.84527,,,ND,-999,,ND,-999,1,,,,ND,-999,0,,,,ND,-999,0,,,ND,-999,,White Cloud Mountain (seasonal),CA,Inactive,1/27/2026 14:00,556338958,Permanent,-13452433.92,4767295.032
60591003,US,South Coast AQMD,R9,7.6,-8,33.674543,2026-01-27 06:00:00 GMT-8,-117.925587,,,ND,-999,,ND,-999,1,,,,ND,-999,0,,,,ND,-999,0,,,ND,-999,,Costa Mesa - Mesa Verde Dr,CA,Inactive,1/27/2026 14:00,556338962,Permanent,-13127416.3,3985184.374
60610002,US,Placer County APCD,R9,0,-8,38.937801,2026-01-27 06:00:00 GMT-8,-121.103897,,,ND,-999,,ND,-999,1,,,,ND,-999,0,,,,ND,-999,1,,,ND,-999,Auburn,Auburn,CA,Inactive,1/27/2026 14:00,556338965,Permanent,-13481224.15,4712766.012
60612001,US,Placer County APCD,R9,50.9,-8,38.89,2026-01-27 06:00:00 GMT-8,-121.3,,,ND,-999,,ND,-999,1,,,,ND,-999,0,,,,ND,-999,1,,,ND,-999,Lincoln,Lincoln,CA,Inactive,1/27/2026 14:00,556338969,Permanent,-13503054.23,4705927.242
60639901,US,Northern Sierra AQMD,R9,0,-8,39.9369,2026-01-27 06:00:00 GMT-8,-120.9478,,,ND,-999,,ND,-999,0,,,,ND,-999,0,,,,ND,-999,1,,,ND,-999,,Quincy BAM,CA,Inactive,1/27/2026 14:00,556338973,Permanent,-13463847.51,4856776.992
60656001,US,South Coast AQMD,R9,135.4,-8,33.789331,2026-01-27 06:00:00 GMT-8,-117.227639,,,ND,-999,,ND,-999,1,,,,ND,-999,0,,,,ND,-999,0,,,ND,-999,,Perris,CA,Inactive,1/27/2026 14:00,556338984,Permanent,-13049721.08,4000549.283
60670002,US,Sacramento Metro. AQMD,R9,27.5,-8,38.71209,2026-01-27 06:00:00 GMT-8,-121.38109,,,ND,-999,,ND,-999,0,,,,ND,-999,0,,,,ND,-999,0,,,ND,-999,North Highlands,Antelope - North Highlands,CA,Inactive,1/27/2026 14:00,556338989,Permanent,-13512081.13,4680514.443
60670007,US,Sacramento Metro. AQMD,R9,18.3,-8,38.610315,2026-01-27 06:00:00 GMT-8,-121.381541,,,ND,-999,,ND,-999,0,,,,ND,-999,0,,,,ND,-999,0,,,ND,-999,,El Camino/Watt,CA,Inactive,1/27/2026 14:00,556338991,Permanent,-13512131.34,4666005.264
60679991,US,Sacramento Metro. AQMD,R9,68,-8,38.343812,2026-01-27 06:00:00 GMT-8,-121.109977,,,ND,-999,,ND,-999,0,,,,ND,-999,0,,,,ND,-999,1,,,ND,-999,,Rancho Seco,CA,Inactive,1/27/2026 14:00,556338999,Permanent,-13481900.97,4628109.419
60710012,US,Mojave Desert AQMD,R9,1270.3,-8,34.425052,2026-01-27 06:00:00 GMT-8,-117.589813,,,ND,-999,,ND,-999,1,,,,ND,-999,0,,,,ND,-999,0,,,ND,-999,,Phelan - Beekley Road & Phelan Road,CA,Inactive,1/27/2026 14:00,556339004,Permanent,-13090038.11,4086019.926
60730003,US,San Diego APCD,R9,144,-8,32.791195,2026-01-27 06:00:00 GMT-8,-116.942093,,,ND,-999,,ND,-999,1,,,,ND,-999,0,,,,ND,-999,1,,,ND,-999,,El Cajon - Redwood Ave,CA,Inactive,1/27/2026 14:00,556339019,Permanent,-13017934.25,3867621.276
60731001,US,San Diego APCD,R9,39.3,-8,32.952087,2026-01-27 06:00:00 GMT-8,-117.264061,,,ND,-999,,ND,-999,1,,,,ND,-999,0,,,,ND,-999,0,,,ND,-999,,Del Mar - Mira Costa College,CA,Inactive,1/27/2026 14:00,556339020,Permanent,-13053775.56,3888946.039
60731002,US,San Diego APCD,R9,200.1,-8,33.127712,2026-01-27 06:00:00 GMT-8,-117.075325,,,ND,-999,,ND,-999,1,,,,ND,-999,0,,,,ND,-999,1,,,ND,-999,,Escondido,CA,Inactive,1/27/2026 14:00,556339021,Permanent,-13032765.56,3912267.89
60731010,US,San Diego APCD,R9,7.9,-8,32.701492,2026-01-27 06:00:00 GMT-8,-117.149651,,,ND,-999,,ND,-999,1,,,,ND,-999,0,,,,ND,-999,1,,,ND,-999,,San Diego - Beardsley Street,CA,Inactive,1/27/2026 14:00,556339024,Permanent,-13041039.5,3855748.718
60731019,US,San Diego APCD,R9,20.7,-8,32.543475,2026-01-27 06:00:00 GMT-8,-117.029028,,,ND,-999,,ND,-999,0,,,,ND,-999,0,,,,ND,-999,1,,,ND,-999,,San Ysidro,CA,Inactive,1/27/2026 14:00,556339027,Permanent,-13027611.8,3834863.503
60731024,US,San Diego APCD,R9,18.9,-8,32.542679,2026-01-27 06:00:00 GMT-8,-117.030749,,,ND,-999,,ND,-999,0,,,,ND,-999,0,,,,ND,-999,1,,,ND,-999,,San Ysidro,CA,Inactive,1/27/2026 14:00,556339029,Permanent,-13027803.39,3834758.389
60771002,US,California Air Resources Board,R9,0,-8,37.95075,2026-01-27 06:00:00 GMT-8,-121.26897,,,ND,-999,,ND,-999,1,,,,ND,-999,0,,,,ND,-999,1,,,ND,-999,,Stockton - Hazelton Street,CA,Inactive,1/27/2026 14:00,556339032,Permanent,-13499599.99,4572470.774
60792002,US,California Air Resources Board,R9,0,-8,35.283901,2026-01-27 06:00:00 GMT-8,-120.654198,,,ND,-999,,ND,-999,1,,,,ND,-999,0,,,,ND,-999,0,,,ND,-999,,San Luis Obispo - Marsh Street,CA,Inactive,1/27/2026 14:00,556339036,Permanent,-13431163.88,4202529.399
60793001,US,San Luis Obispo County APCD,R9,0,-8,35.36639,2026-01-27 06:00:00 GMT-8,-120.8426,,,ND,-999,,ND,-999,1,,,,ND,-999,0,,,,ND,-999,0,,,ND,-999,,Morro Bay,CA,Inactive,1/27/2026 14:00,556339040,Permanent,-13452136.7,4213784.229
60831018,US,Santa Barbara County Air Pollution Control District,R9,0,-8,34.5275,2026-01-27 06:00:00 GMT-8,-120.1956,,,ND,-999,,ND,-999,1,,,,ND,-999,0,,,,ND,-999,0,,,ND,-999,,Nojoqui GTCB,CA,Inactive,1/27/2026 14:00,556339052,Permanent,-13380112.99,4099854.237
60852009,US,Bay Area Air District,R9,0,-8,37.318439,2026-01-27 06:00:00 GMT-8,-122.069702,,,ND,-999,,ND,-999,1,,,,ND,-999,0,,,,ND,-999,1,,,ND,-999,,Cupertino,CA,Inactive,1/27/2026 14:00,556339064,Permanent,-13588737.07,4483586.515
60870003,US,Monterey Bay Unified APCD,R9,0,-8,37.011902,2026-01-27 06:00:00 GMT-8,-122.193298,,,ND,-999,,ND,-999,1,,,,ND,-999,0,,,,ND,-999,0,,,ND,-999,,Davenport AMS,CA,Inactive,1/27/2026 14:00,556339065,Permanent,-13602495.71,4440765.902
60871003,US,Monterey Bay Unified APCD,R9,226.3,-8,37.072092,2026-01-27 06:00:00 GMT-8,-121.007631,,,ND,-999,,ND,-999,1,,,,ND,-999,0,,,,ND,-999,0,,,ND,-999,,Scotts Valley AMS,CA,Inactive,1/27/2026 14:00,556339067,Permanent,-13470507.87,4449160.252
60871004,US,Monterey Bay Unified APCD,R9,87.8,-8,37.048089,2026-01-27 06:00:00 GMT-8,-122.074664,,,ND,-999,,ND,-999,0,,,,ND,-999,0,,,,ND,-999,1,,,ND,-999,,Felton AMS,CA,Inactive,1/27/2026 14:00,556339068,Permanent,-13589289.44,4445811.895
60879990,US,Monterey Bay Unified APCD,R9,0,-8,37.067003,2026-01-27 06:00:00 GMT-8,-122.057206,,,ND,-999,,ND,-999,0,,,,ND,-999,0,,,,ND,-999,1,,,ND,-999,,Zayante Fire Station,CA,Inactive,1/27/2026 14:00,556339070,Permanent,-13587346.02,4448450.261
60879991,US,Monterey Bay Unified APCD,R9,89.7,-8,37.0481,2026-01-27 06:00:00 GMT-8,-122.074603,,,ND,-999,,ND,-999,0,,,,ND,-999,0,,,,ND,-999,1,,,ND,-999,,Felton Cal-Fire,CA,Inactive,1/27/2026 14:00,556339071,Permanent,-13589282.64,4445813.429
60879992,US,Monterey Bay Unified APCD,R9,98.2,-8,37.063381,2026-01-27 06:00:00 GMT-8,-122.081072,,,ND,-999,,ND,-999,0,,,,ND,-999,0,,,,ND,-999,1,,,ND,-999,,Felton SLVMS,CA,Inactive,1/27/2026 14:00,556339072,Permanent,-13590002.77,4447944.967
60879993,US,Monterey Bay Unified APCD,R9,147.6,-8,37.125861,2026-01-27 06:00:00 GMT-8,-122.122127,,,ND,-999,,ND,-999,0,,,,ND,-999,0,,,,ND,-999,1,,,ND,-999,,Boulder Creek,CA,Inactive,1/27/2026 14:00,556339073,Permanent,-13594572.99,4456664.738
60879994,US,Monterey Bay Unified APCD,R9,114.4,-8,37.084458,2026-01-27 06:00:00 GMT-8,-122.076311,,,ND,-999,,ND,-999,0,,,,ND,-999,0,,,,ND,-999,1,,,ND,-999,,Ben Lomond,CA,Inactive,1/27/2026 14:00,556339074,Permanent,-13589472.78,4450885.691
60890007,US,Shasta County Air Quality Management District,R9,137.3,-8,40.4531,2026-01-27 06:00:00 GMT-8,-122.2978,,,ND,-999,,ND,-999,1,,,,ND,-999,0,,,,ND,-999,1,,,ND,-999,,Anderson,CA,Inactive,1/27/2026 14:00,556339076,Permanent,-13614128.82,4932005.657
60970003,US,Bay Area Air District,R9,15.6,-8,38.4431,2026-01-27 06:00:00 GMT-8,-122.7097,,,ND,-999,,ND,-999,1,,,,ND,-999,0,,,,ND,-999,1,,,ND,-999,,Santa Rosa,CA,Inactive,1/27/2026 14:00,556339084,Permanent,-13659981.32,4642211.479
61030006,US,Tehama County Air Pollution Control District,R9,86,-8,40.170917,2026-01-27 06:00:00 GMT-8,-122.255667,,,ND,-999,,ND,-999,0,,,,ND,-999,0,,,,ND,-999,1,,,ND,-999,,Red Bluff-Walnut St,CA,Inactive,1/27/2026 14:00,556339092,Permanent,-13609438.6,4890810.646
61112003,US,Ventura County APCD,R9,0,-8,34.290001,2026-01-27 06:00:00 GMT-8,-119.313599,,,ND,-999,,ND,-999,1,,,,ND,-999,0,,,,ND,-999,0,,,ND,-999,,Ventura - Emma Wood State Beach,CA,Inactive,1/27/2026 14:00,556339104,Permanent,-13281929.09,4067808.865
69999915,US,California Air Resources Board,R9,0,-8,38.91661,2026-01-27 06:00:00 GMT-8,-122.6084,,,ND,-999,,ND,-999,0,,,,ND,-999,0,,,,ND,-999,1,,,ND,-999,,EBAM6 - Konocti Elementary School,CA,Inactive,1/27/2026 14:00,556339108,Permanent,-13648704.65,4709733.7
69999916,US,California Air Resources Board,R9,0,-8,37.74646,2026-01-27 06:00:00 GMT-8,-120.1437,,,ND,-999,,ND,-999,0,,,,ND,-999,0,,,,ND,-999,1,,,ND,-999,,EBAM7 - Sac 5th St. Warehouse,CA,Inactive,1/27/2026 14:00,556339109,Permanent,-13374335.51,4543670.77
69999917,US,California Air Resources Board,R9,0,-8,38.8303,2026-01-27 06:00:00 GMT-8,-122.722,,,ND,-999,,ND,-999,0,,,,ND,-999,0,,,,ND,-999,1,,,ND,-999,,EBAM8 - Broadway W,CA,Inactive,1/27/2026 14:00,556339110,Permanent,-13661350.55,4697392.572
69999995,US,California Air Resources Board,R9,0,-8,38.91661,2026-01-27 06:00:00 GMT-8,-122.6084,,,ND,-999,,ND,-999,0,,,,ND,-999,0,,,,ND,-999,1,,,ND,-999,,EBAM5 - Konocti High School,CA,Inactive,1/27/2026 14:00,556339111,Permanent,-13648704.65,4709733.7
40051008,US,Arizona Department of Environmental Quality,R9,2121.3,-7,35.206111,2026-01-27 07:00:00 GMT-7,-111.652778,,,ND,-999,,ND,-999,1,,,,ND,-999,0,,,,ND,-999,0,,,ND,-999,,Flagstaff Middle School,AZ,Inactive,1/27/2026 14:00,556339754,Permanent,-12429130.39,4191926.202
40070009,US,Arizona Department of Environmental Quality,R9,1085.5,-7,33.3992,2026-01-27 07:00:00 GMT-7,-110.8589,,,ND,-999,,ND,-999,0,,,,ND,-999,0,,,,ND,-999,0,,,ND,-999,,Miami Ridgeline,AZ,Inactive,1/27/2026 14:00,556339757,Permanent,-12340756.3,3948411.755
40134019,US,Maricopa County Air Quality Department,R9,353.8,-7,33.3961,2026-01-27 07:00:00 GMT-7,-111.968,,,ND,-999,,ND,-999,0,,,,ND,-999,0,,,,ND,-999,1,,,ND,-999,,Diablo,AZ,Inactive,1/27/2026 14:00,556339805,Permanent,-12464220.75,3947998.409
40138005,US,Arizona Department of Environmental Quality,R9,0,-7,33.3833,2026-01-27 07:00:00 GMT-7,-112.3728,,,ND,-999,,ND,-999,0,,,,ND,-999,0,,,,ND,-999,1,,,ND,-999,,Estrella,AZ,Inactive,1/27/2026 14:00,556339813,Permanent,-12509282.88,3946291.845
40139706,US,Maricopa County Air Quality Department,R9,478.2,-7,33.7188,2026-01-27 07:00:00 GMT-7,-111.6718,,,ND,-999,,ND,-999,1,,,,ND,-999,0,,,,ND,-999,0,,,ND,-999,,Rio Verde Sheriff Sub-Station,AZ,Inactive,1/27/2026 14:00,556339817,Permanent,-12431247.91,3991105.945
40190002,US,Pima County Department of Environmental Quality,R9,0,-7,32.2222,2026-01-27 07:00:00 GMT-7,-110.9736,,,ND,-999,,ND,-999,1,,,,ND,-999,0,,,,ND,-999,0,,,ND,-999,,Downtown Tucson,AZ,Inactive,1/27/2026 14:00,556339823,Permanent,-12353524.64,3792513.301
40258033,US,Arizona Department of Environmental Quality,R9,1591.8,-7,34.546667,2026-01-27 07:00:00 GMT-7,-112.476111,,,ND,-999,,ND,-999,1,,,,ND,-999,0,,,,ND,-999,0,,,ND,-999,,Prescott College,AZ,Inactive,1/27/2026 14:00,556339870,Permanent,-12520783.4,4102444.388
60010007,US,Bay Area Air District,R9,137.3,-8,37.687526,2026-01-27 06:00:00 GMT-8,-121.784217,,,ND,-999,,ND,-999,1,,,,ND,-999,0,,,,ND,-999,1,,,ND,-999,,Livermore - Rincon,CA,Inactive,1/27/2026 14:00,556340021,Permanent,-13556957.02,4535377.275
60011001,US,Bay Area Air District,R9,5.2,-8,37.535599,2026-01-27 06:00:00 GMT-8,-121.9608,,,ND,-999,,ND,-999,1,,,,ND,-999,0,,,,ND,-999,1,,,ND,-999,,Fremont Chapel Way,CA,Inactive,1/27/2026 14:00,556340027,Permanent,-13576614.15,4514027.663
60012004,US,Bay Area Air District,R9,5.8,-8,37.8778,2026-01-27 06:00:00 GMT-8,-122.310303,,,ND,-999,,ND,-999,1,,,,ND,-999,0,,,,ND,-999,1,,,ND,-999,,Berkeley,CA,Inactive,1/27/2026 14:00,556340029,Permanent,-13615520.65,4562177.405
60012005,US,Bay Area Air District,R9,526.1,-8,37.689615,2026-01-27 06:00:00 GMT-8,-121.631916,,,ND,-999,,ND,-999,1,,,,ND,-999,0,,,,ND,-999,0,,,ND,-999,,Patterson Pass,CA,Inactive,1/27/2026 14:00,556340030,Permanent,-13540002.95,4535671.137
60070002,US,California Air Resources Board,R9,0,-8,39.7575,2026-01-27 06:00:00 GMT-8,-121.8422,,,ND,-999,,ND,-999,1,,,,ND,-999,0,,,,ND,-999,1,,,ND,-999,,Chico - Manzanita,CA,Inactive,1/27/2026 14:00,556340032,Permanent,-13563411.66,4830765.163
60070007,US,California Air Resources Board,R9,520.9,-8,39.708454,2026-01-27 06:00:00 GMT-8,-121.617309,,,ND,-999,,ND,-999,1,,,,ND,-999,0,,,,ND,-999,0,,,ND,-999,,Paradise - Airport,CA,Inactive,1/27/2026 14:00,556340033,Permanent,-13538376.91,4823665.617
60072002,US,California Air Resources Board,R9,0,-8,39.77919,2026-01-27 06:00:00 GMT-8,-121.59135,,,ND,-999,,ND,-999,0,,,,ND,-999,0,,,,ND,-999,1,,,ND,-999,,Paradise Theater,CA,Inactive,1/27/2026 14:00,556340036,Permanent,-13535487.17,4833906.463
60130008,US,Bay Area Air District,R9,25.9,-8,37.9386,2026-01-27 06:00:00 GMT-8,-122.0247,,,ND,-999,,ND,-999,1,,,,ND,-999,0,,,,ND,-999,0,,,ND,-999,,Concord,CA,Inactive,1/27/2026 14:00,556340043,Permanent,-13583727.47,4570755.68
60170010,US,California Air Resources Board,R9,0,-8,38.72528,2026-01-27 06:00:00 GMT-8,-120.82192,,,ND,-999,,ND,-999,1,,,,ND,-999,0,,,,ND,-999,0,,,ND,-999,Placerville,Placerville,CA,Inactive,1/27/2026 14:00,556340047,Permanent,-13449834.61,4682396.338
60170012,US,California Air Resources Board,R9,2251.2,-8,38.81161,2026-01-27 06:00:00 GMT-8,-120.03308,,,ND,-999,,ND,-999,1,,,,ND,-999,0,,,,ND,-999,0,,,ND,-999,,Echo Summit (seasonal) - SLT695,CA,Inactive,1/27/2026 14:00,556340049,Permanent,-13362021.34,4694722.135
60190008,US,California Air Resources Board,R9,0,-8,36.7814,2026-01-27 06:00:00 GMT-8,-119.7722,,,ND,-999,,ND,-999,1,,,,ND,-999,0,,,,ND,-999,1,,,ND,-999,,Fresno - 1st Street,CA,Inactive,1/27/2026 14:00,556340052,Permanent,-13332980.32,4408680.41
60193002,US,California Air Resources Board,R9,0,-8,36.6103,2026-01-27 06:00:00 GMT-8,-119.5375,,,ND,-999,,ND,-999,0,,,,ND,-999,0,,,,ND,-999,1,,,ND,-999,,Parlier,CA,Inactive,1/27/2026 14:00,556340058,Permanent,-13306853.63,4384925.945
60250006,US,California Air Resources Board,R9,0,-8,32.677799,2026-01-27 06:00:00 GMT-8,-115.389702,,,ND,-999,,ND,-999,1,,,,ND,-999,0,,,,ND,-999,1,,,ND,-999,,Calexico - East,CA,Inactive,1/27/2026 14:00,556340065,Permanent,-12845122.87,3852614.846
60295001,US,California Air Resources Board,R9,0,-8,35.208302,2026-01-27 06:00:00 GMT-8,-118.784401,,,ND,-999,,ND,-999,1,,,,ND,-999,0,,,,ND,-999,0,,,ND,-999,,Arvin - Bear Mountain Blvd,CA,Inactive,1/27/2026 14:00,556340094,Permanent,-13223019.03,4192224.708
60370002,US,South Coast AQMD,R9,27.5,-8,34.136474,2026-01-27 06:00:00 GMT-8,-117.923963,,,ND,-999,,ND,-999,1,,,,ND,-999,0,,,,ND,-999,0,,,ND,-999,,Azusa,CA,Inactive,1/27/2026 14:00,556340099,Permanent,-13127235.51,4047141.904
60371601,US,South Coast AQMD,R9,22.9,-8,34.0131,2026-01-27 06:00:00 GMT-8,-118.059196,,,ND,-999,,ND,-999,1,,,,ND,-999,0,,,,ND,-999,0,,,ND,-999,,Pico Rivera,CA,Inactive,1/27/2026 14:00,556340106,Permanent,-13142289.58,4030561.172
60371701,US,South Coast AQMD,R9,84.2,-8,34.0667,2026-01-27 06:00:00 GMT-8,-117.7506,,,ND,-999,,ND,-999,1,,,,ND,-999,0,,,,ND,-999,0,,,ND,-999,,Pomona,CA,Inactive,1/27/2026 14:00,556340108,Permanent,-13107936.83,4037761.727
60374004,US,South Coast AQMD,R9,5.8,-8,33.792221,2026-01-27 06:00:00 GMT-8,-118.175278,,,ND,-999,,ND,-999,0,,,,ND,-999,0,,,,ND,-999,1,,,ND,-999,,South Long Beach,CA,Inactive,1/27/2026 14:00,556340111,Permanent,-13155211.77,4000936.388
60374006,US,South Coast AQMD,R9,3.1,-8,33.802417,2026-01-27 06:00:00 GMT-8,-118.219933,,,ND,-999,,ND,-999,1,,,,ND,-999,0,,,,ND,-999,0,,,ND,-999,,Long Beach - Hudson,CA,Inactive,1/27/2026 14:00,556340112,Permanent,-13160182.74,4002302.212
60375005,US,South Coast AQMD,R9,27.5,-8,33.95507,2026-01-27 06:00:00 GMT-8,-118.43046,,,ND,-999,,ND,-999,1,,,,ND,-999,0,,,,ND,-999,0,,,ND,-999,,LAX-Hastings,CA,Inactive,1/27/2026 14:00,556340114,Permanent,-13183618.5,4022770.619
60379034,US,California Air Resources Board,R9,0,-8,34.8289,2026-01-27 06:00:00 GMT-8,-118.8791,,,ND,-999,,ND,-999,1,,,,ND,-999,0,,,,ND,-999,1,,,ND,-999,,Lebec,CA,Inactive,1/27/2026 14:00,556340117,Permanent,-13233560.88,4140653.579
60410003,US,California Air Resources Board,R9,0,-8,38.1269,2026-01-27 06:00:00 GMT-8,-122.9139,,,ND,-999,,ND,-999,0,,,,ND,-999,0,,,,ND,-999,1,,,ND,-999,,Point Reyes,CA,Inactive,1/27/2026 14:00,556340121,Permanent,-13682712.76,4597368.07
60450008,US,Mendocino County AQMD,R9,187.6,-8,39.145733,2026-01-27 06:00:00 GMT-8,-123.202995,,,ND,-999,,ND,-999,1,,,,ND,-999,0,,,,ND,-999,0,,,ND,-999,,Ukiah District Office,CA,Inactive,1/27/2026 14:00,556340129,Permanent,-13714894.67,4742568.125
150012017,US,Hawaii State Dept. of Health,R9,0,-10,19.569799,2026-01-27 04:00:00 GMT-10,-155.080597,,,ND,-999,,ND,-999,0,,,,ND,-999,0,,,,ND,-999,1,,,ND,-999,,Mountain View,HI,Inactive,1/27/2026 14:00,556340204,Permanent,-17263493.09,2222136.746
150030011,US,Hawaii State Dept. of Health,R9,14.9,-10,21.3325,2026-01-27 04:00:00 GMT-10,-158.113907,,,ND,-999,,ND,-999,0,,,,ND,-999,0,,,,ND,-999,0,,,ND,-999,,West Beach,HI,Inactive,1/27/2026 14:00,556340209,Permanent,-17601159.61,2431570.109
150031006,US,Hawaii State Dept. of Health,R9,50.9,-10,21.3442,2026-01-27 04:00:00 GMT-10,-158.1128,,,ND,-999,,ND,-999,0,,,,ND,-999,0,,,,ND,-999,0,,,ND,-999,,Makaiwa Gulch,HI,Inactive,1/27/2026 14:00,556340212,Permanent,-17601036.38,2432968.403
150031010,US,Hawaii State Dept. of Health,R9,0,-10,21.323601,2026-01-27 04:00:00 GMT-10,-158.088593,,,ND,-999,,ND,-999,0,,,,ND,-999,0,,,,ND,-999,1,,,ND,-999,,,HI,Inactive,1/27/2026 14:00,556340213,Permanent,-17598341.67,2430506.644
150090024,US,Hawaii State Dept. of Health,R9,80.5,-10,20.902031,2026-01-27 04:00:00 GMT-10,-156.370344,,,ND,-999,,ND,-999,0,,,,ND,-999,0,,,,ND,-999,1,,,ND,-999,,"Paia, Maui",HI,Inactive,1/27/2026 14:00,556340216,Permanent,-17407067.07,2380200.658
8.40061E+11,US,Monterey Bay Unified APCD,R9,0,-8,36.247808,2026-01-27 06:00:00 GMT-8,-121.781317,,,ND,-999,,ND,-999,0,,,,ND,-999,0,,,,ND,-999,1,,,ND,-999,,Big Sur Ranger Station,CA,Inactive,1/27/2026 14:00,556341154,Permanent,-13556634.2,4334773.164
8.40061E+11,US,Monterey Bay Unified APCD,R9,0,-8,36.908003,2026-01-27 06:00:00 GMT-8,-121.756753,,,ND,-999,,ND,-999,0,,,,ND,-999,0,,,,ND,-999,1,,,ND,-999,,Watsonville,CA,Inactive,1/27/2026 14:00,556341172,Permanent,-13553899.74,4426291.338
8.4032E+11,US,Clark County Department of Environment and Sustainability ,R9,0,-8,36.085134,2026-01-27 06:00:00 GMT-8,-115.204796,,,ND,-999,,ND,-999,1,,,,ND,-999,0,,,,ND,-999,0,,,ND,-999,,,NV,Inactive,1/27/2026 14:00,556341309,Permanent,-12824539.23,4312342.011
320030022,US,Clark County Department of Environment and Sustainability ,R9,662.2,-8,36.39103,2026-01-27 06:00:00 GMT-8,-114.907429,,,ND,-999,,ND,-999,1,,,,ND,-999,0,,,,ND,-999,0,,,ND,-999,,Apex,NV,Inactive,1/27/2026 14:00,556341952,Permanent,-12791436.48,4354560.756
320050009,US,California Air Resources Board,R9,1906.3,-8,38.960602,2026-01-27 06:00:00 GMT-8,-119.941399,,,ND,-999,,ND,-999,0,,,,ND,-999,0,,,,ND,-999,0,,,ND,-999,,Stateline - Harveys Resort,NV,Inactive,1/27/2026 14:00,556341973,Permanent,-13351815.46,4716029.717
60650004,US,South Coast AQMD,R9,0,-8,33.971699,2026-01-27 06:00:00 GMT-8,-117.530296,,,ND,-999,,ND,-999,1,,,,ND,-999,1,,,,ND,-999,0,,,ND,-999,,Mira Loma - High School,CA,Inactive,1/27/2026 14:00,556338974,Permanent,-13083412.7,4025002.526
60651003,US,South Coast AQMD,R9,0,-8,33.741699,2026-01-27 06:00:00 GMT-8,-117.958099,,,ND,-999,,ND,-999,0,,,,ND,-999,1,,,,ND,-999,1,,,ND,-999,,Riverside - Magnolia,CA,Inactive,1/27/2026 14:00,556338979,Permanent,-13131035.52,3994171.022
60652002,US,South Coast AQMD,R9,-1.8,-8,33.708566,2026-01-27 06:00:00 GMT-8,-116.215394,,,ND,-999,,ND,-999,1,,,,ND,-999,1,,,,ND,-999,1,,,ND,-999,,Indio - Jackson Street,CA,Inactive,1/27/2026 14:00,556338981,Permanent,-12937038.48,3989736.368
60670014,US,Sacramento Metro. AQMD,R9,4,-8,38.650716,2026-01-27 06:00:00 GMT-8,-121.50665,,,ND,-999,,ND,-999,1,,,,ND,-999,1,,,,ND,-999,0,,,ND,-999,Natomas,Natomas - Goldenland Court,CA,Inactive,1/27/2026 14:00,556338995,Permanent,-13526058.41,4671762.417
60674001,US,Sacramento Metro. AQMD,R9,8.2,-8,38.556326,2026-01-27 06:00:00 GMT-8,-121.458499,,,ND,-999,,ND,-999,0,,,,ND,-999,1,,,,ND,-999,0,,,ND,-999,,Sacramento- Stockton Blvd.,CA,Inactive,1/27/2026 14:00,556338997,Permanent,-13520698.26,4658316.876
60711004,US,South Coast AQMD,R9,126.6,-8,34.10366,2026-01-27 06:00:00 GMT-8,-117.629096,,,ND,-999,,ND,-999,1,,,,ND,-999,1,,,,ND,-999,1,,,ND,-999,,Upland,CA,Inactive,1/27/2026 14:00,556339010,Permanent,-13094411.07,4042729.539
60792006,US,California Air Resources Board,R9,0,-8,35.25651,2026-01-27 06:00:00 GMT-8,-120.6693,,,ND,-999,,ND,-999,1,,,,ND,-999,1,,,,ND,-999,1,,,ND,-999,,San Luis Obispo - Higuera St,CA,Inactive,1/27/2026 14:00,556339038,Permanent,-13432845.03,4198794.697
60798001,US,San Luis Obispo County APCD,R9,0,-8,35.4914,2026-01-27 06:00:00 GMT-8,-120.6681,,,ND,-999,,ND,-999,1,,,,ND,-999,1,,,,ND,-999,1,,,ND,-999,,Atascadero,CA,Inactive,1/27/2026 14:00,556339042,Permanent,-13432711.45,4230862.589
60830008,US,Santa Barbara County Air Pollution Control District,R9,0,-8,34.462502,2026-01-27 06:00:00 GMT-8,-120.024399,,,ND,-999,,ND,-999,1,,,,ND,-999,1,,,,ND,-999,0,,,ND,-999,,El Capitan,CA,Inactive,1/27/2026 14:00,556339047,Permanent,-13361054.98,4091075.107
60831008,US,California Air Resources Board,R9,0,-8,34.942872,2026-01-27 06:00:00 GMT-8,-120.435611,,,ND,-999,,ND,-999,1,,,,ND,-999,1,,,,ND,-999,1,,,ND,-999,,Santa Maria - Broadway,CA,Inactive,1/27/2026 14:00,556339049,Permanent,-13406830.89,4156120.385
60834003,US,Santa Barbara County Air Pollution Control District,R9,0,-8,34.5961,2026-01-27 06:00:00 GMT-8,-120.6303,,,ND,-999,,ND,-999,1,,,,ND,-999,1,,,,ND,-999,0,,,ND,-999,,VAFB South Base,CA,Inactive,1/27/2026 14:00,556339058,Permanent,-13428503.57,4109127.317
61000000,US,Manzanita Band of the Kumeyaay Nation,R9,0,-8,32.7355,2026-01-27 06:00:00 GMT-8,-116.3454,,,ND,-999,,ND,-999,0,,,,ND,-999,1,,,,ND,-999,0,,,ND,-999,,,,Inactive,1/27/2026 14:00,556339088,Permanent,-12951510.68,3860248.409
61072002,US,California Air Resources Board,R9,0,-8,36.33252,2026-01-27 06:00:00 GMT-8,-119.29095,,,ND,-999,,ND,-999,1,,,,ND,-999,1,,,,ND,-999,1,,,ND,-999,,Visalia - N. Church Street,CA,Inactive,1/27/2026 14:00,556339097,Permanent,-13279407.81,4346472.604
40133010,US,Maricopa County Air Quality Department,R9,325.1,-7,33.4609,2026-01-27 07:00:00 GMT-7,-112.1175,,,ND,-999,,ND,-999,0,,,,ND,-999,1,,,,ND,-999,0,,,ND,-999,,Greenwood,AZ,Inactive,1/27/2026 14:00,556339794,Permanent,-12480863.01,3956641.746
40213010,US,Pinal County Air Quality Control District,R9,0,-7,33.0587,2026-01-27 07:00:00 GMT-7,-112.0471,,,ND,-999,,ND,-999,0,,,,ND,-999,1,,,,ND,-999,0,,,ND,-999,,MARICOPA,AZ,Inactive,1/27/2026 14:00,556339856,Permanent,-12473026.12,3903098.001
60210002,US,California Air Resources Board,R9,0,-8,39.5175,2026-01-27 06:00:00 GMT-8,-122.1903,,,ND,-999,,ND,-999,1,,,,ND,-999,1,,,,ND,-999,1,,,ND,-999,,,CA,Inactive,1/27/2026 14:00,556340061,Permanent,-13602161.98,4796072.439
60270004,US,Great Basin Unified Air Pollution Control District,R9,0,-8,36.609,2026-01-27 06:00:00 GMT-8,-118.0578,,,ND,-999,,ND,-999,0,,,,ND,-999,1,,,,ND,-999,0,,,ND,-999,,Lone Pine,CA,Inactive,1/27/2026 14:00,556340071,Permanent,-13142134.18,4384745.663
60270021,US,Great Basin Unified Air Pollution Control District,R9,0,-8,36.2676,2026-01-27 06:00:00 GMT-8,-117.993,,,ND,-999,,ND,-999,0,,,,ND,-999,1,,,,ND,-999,0,,,ND,-999,Owens Lake,Olancha,CA,Inactive,1/27/2026 14:00,556340072,Permanent,-13134920.68,4337505.469
60290011,US,California Air Resources Board,R9,0,-8,35.05045,2026-01-27 06:00:00 GMT-8,-118.14778,,,ND,-999,,ND,-999,1,,,,ND,-999,1,,,,ND,-999,1,,,ND,-999,,Mojave - 923 Poole St.,CA,Inactive,1/27/2026 14:00,556340089,Permanent,-13152150.71,4170739.213
60371002,US,South Coast AQMD,R9,52.8,-8,34.1764,2026-01-27 06:00:00 GMT-8,-118.3158,,,ND,-999,,ND,-999,1,,,,ND,-999,1,,,,ND,-999,1,,,ND,-999,,Burbank - W. Palm Ave,CA,Inactive,1/27/2026 14:00,556340102,Permanent,-13170854.61,4052512.902
60374002,US,South Coast AQMD,R9,7.6,-8,33.8233,2026-01-27 06:00:00 GMT-8,-118.1883,,,ND,-999,,ND,-999,1,,,,ND,-999,1,,,,ND,-999,0,,,ND,-999,,North Long Beach,CA,Inactive,1/27/2026 14:00,556340110,Permanent,-13156661.37,4005100.139
60379033,US,Mojave Desert AQMD,R9,719.5,-8,34.669589,2026-01-27 06:00:00 GMT-8,-118.130689,,,ND,-999,,ND,-999,1,,,,ND,-999,1,,,,ND,-999,1,,,ND,-999,,Lancaster-Division,CA,Inactive,1/27/2026 14:00,556340116,Permanent,-13150248.15,4119069.773
60450002,US,Mendocino County AQMD,R9,45.8,-8,39.445736,2026-01-27 06:00:00 GMT-8,-123.804314,,,ND,-999,,ND,-999,0,,,,ND,-999,1,,,,ND,-999,0,,,ND,-999,,Fort Bragg City Hall,CA,Inactive,1/27/2026 14:00,556340127,Permanent,-13781833.19,4785722.041
150032004,US,Hawaii State Dept. of Health,R9,0,-10,21.392834,2026-01-27 04:00:00 GMT-10,-157.969131,,,ND,-999,,ND,-999,0,,,,ND,-999,1,,,,ND,-999,1,,,ND,-999,,Pearl City,HI,Inactive,1/27/2026 14:00,556340214,Permanent,-17585043.22,2438781.962
8.4006E+11,US,California Air Resources Board,R9,834.5,-8,35.046528,2026-01-27 06:00:00 GMT-8,-118.162833,,,ND,-999,,ND,-999,1,,,,ND,-999,1,,,,ND,-999,1,,,ND,-999,,Mojave - CA 58 Business,CA,Inactive,1/27/2026 14:00,556341141,Permanent,-13153826.4,4170205.912
8.40061E+11,US,Monterey Bay Unified APCD,R9,0,-8,36.841488,2026-01-27 06:00:00 GMT-8,-121.533444,,,ND,-999,,ND,-999,0,,,,ND,-999,1,,,,ND,-999,0,,,ND,-999,,San Juan Bautista AMS,CA,Inactive,1/27/2026 14:00,556341159,Permanent,-13529041.1,4417035.229
320310016,US,Northern Nevada Public Health Air Quality Management Division,R9,0,-8,39.52507,2026-01-27 06:00:00 GMT-8,-119.807744,,,ND,-999,,ND,-999,1,,,,ND,-999,1,,,,ND,-999,1,,,ND,-999,,Reno3,NV,Inactive,1/27/2026 14:00,556341982,Permanent,-13336937.06,4797164.87
320310022,US,Northern Nevada Public Health Air Quality Management Division,R9,0,-8,39.532,2026-01-27 06:00:00 GMT-8,-119.785,,,ND,-999,,ND,-999,0,,,,ND,-999,1,,,,ND,-999,1,,,ND,-999,,Galletti,NV,Inactive,1/27/2026 14:00,556341983,Permanent,-13334405.2,4798165.047
320310030,US,Northern Nevada Public Health Air Quality Management Division,R9,0,-8,39.506,2026-01-27 06:00:00 GMT-8,-119.789,,,ND,-999,,ND,-999,0,,,,ND,-999,1,,,,ND,-999,0,,,ND,-999,,Plumb-Kit,NV,Inactive,1/27/2026 14:00,556341985,Permanent,-13334850.48,4794413.095
TT6147001,US,Gila River Indian Community DEQ Air Quality Program,R9,389.8,-7,33.080003,2026-01-27 07:00:00 GMT-7,-111.739298,,,ND,-999,,ND,-999,1,,,,ND,-999,1,,,,ND,-999,0,,,ND,-999,,Sacaton,AZ,Inactive,1/27/2026 14:00,556342444,Permanent,-12438761.75,3905927.844
TT6147003,US,Gila River Indian Community DEQ Air Quality Program,R9,323,-7,33.29015,2026-01-27 07:00:00 GMT-7,-112.159874,,,ND,-999,,ND,-999,1,,,,ND,-999,1,,,,ND,-999,0,,,ND,-999,,StJohns,AZ,Inactive,1/27/2026 14:00,556342445,Permanent,-12485580.06,3933880.155
TT6147004,US,Gila River Indian Community DEQ Air Quality Program,R9,366.9,-7,33.11753,2026-01-27 07:00:00 GMT-7,-111.88491,,,ND,-999,,ND,-999,0,,,,ND,-999,1,,,,ND,-999,0,,,ND,-999,,CasaBlanca,AZ,Inactive,1/27/2026 14:00,556342446,Permanent,-12454971.21,3910914.516
840MMSC00007,US,South Coast AQMD,R9,0,-8,34.03084,2026-01-27 06:00:00 GMT-8,-117.61722,,16,16,16,,ND,-999,0,,19,16,16,16,1,UG/M3,,,ND,-999,0,,16,16,16,,EBAM-7,MM,Inactive,1/27/2026 14:00,556342473,Temporary,-13093089.04,4032943.837
840MMSC00013,US,South Coast AQMD,R9,0,-8,34.2615,2026-01-27 06:00:00 GMT-8,-118.41222,,15,15,15,,ND,-999,0,,18,15,15,15,1,UG/M3,,,ND,-999,0,,15,15,15,,EBAM-13,MM,Inactive,1/27/2026 14:00,556342476,Temporary,-13181588.03,4063969.368
